product_id,product_name,sector,main_packaging_material,product_strength_req,weight_capacity_score,barrier_score,biodegradability_score,co2_emission_score,recyclability_percent_x,cost_score,reuse_potential_score,material_id,material_name,material_strength,weight_cap,biodegradability,co2_emission,recyclability_percent_y,strength_gap,weight_gap,predicted_cost,predicted_co2,cost_norm,co2_norm,strength_gap_norm,weight_gap_norm,final_score,rank
1,Smartphone box,Electronics,recycled cardboard box + molded pulp tray,3,3,3,85,70,72,3,2,13,Aluminium Cans / Tins,5,5,0,55,85,2,2,2.9441831752577237,54.70223373814242,0.31472772508590785,0.10739879326976798,1.0,1.0,3.5778734816443243,1.0
1,Smartphone box,Electronics,recycled cardboard box + molded pulp tray,3,3,3,85,70,72,3,2,21,Recycled Steel Tins,5,5,0,60,90,2,2,3.0594996038533186,59.59154071145904,0.3531665346177729,0.22531436488485657,1.0,1.0,3.4215191004973704,2.0
1,Smartphone box,Electronics,recycled cardboard box + molded pulp tray,3,3,3,85,70,72,3,2,11,Pcr Hdpe/Ldpe,4,4,0,55,55,1,1,2.8919129246604043,54.66277559220874,0.29730430822013476,0.106447179910649,0.8,0.8,3.196248511869216,3.0
2,Laptop shipping pack,Electronics,heavy corrugated cardboard + paper padding,3,4,3,88,70,73,3,2,13,Aluminium Cans / Tins,5,5,0,55,85,2,1,2.9551864562259804,54.70223373814242,0.31839548540866014,0.10739879326976798,1.0,0.8,3.374205721321572,1.0
2,Laptop shipping pack,Electronics,heavy corrugated cardboard + paper padding,3,4,3,88,70,73,3,2,21,Recycled Steel Tins,5,5,0,60,90,2,1,3.0543414899084396,59.59154071145904,0.3514471633028132,0.22531436488485657,1.0,0.8,3.22323847181233,2.0
2,Laptop shipping pack,Electronics,heavy corrugated cardboard + paper padding,3,4,3,88,70,73,3,2,11,Pcr Hdpe/Ldpe,4,4,0,55,55,1,0,2.9357783651882285,54.66277559220874,0.3119261217294095,0.106447179910649,0.8,0.6000000000000001,2.9816266983599413,3.0
3,Earbuds/headphones retail box,Electronics,folding boxboard + paper insert,3,3,3,85,70,75,3,2,13,Aluminium Cans / Tins,5,5,0,55,85,2,2,2.9441831752577237,54.70223373814242,0.31472772508590785,0.10739879326976798,1.0,1.0,3.5778734816443243,1.0
3,Earbuds/headphones retail box,Electronics,folding boxboard + paper insert,3,3,3,85,70,75,3,2,21,Recycled Steel Tins,5,5,0,60,90,2,2,3.0594996038533186,59.59154071145904,0.3531665346177729,0.22531436488485657,1.0,1.0,3.4215191004973704,2.0
3,Earbuds/headphones retail box,Electronics,folding boxboard + paper insert,3,3,3,85,70,75,3,2,11,Pcr Hdpe/Ldpe,4,4,0,55,55,1,1,2.8919129246604043,54.66277559220874,0.29730430822013476,0.106447179910649,0.8,0.8,3.196248511869216,3.0
4,Fragile gadget shipper with loose fill,Electronics,cardboard box + starch‑based packing peanuts,3,3,3,90,78,55,3,2,13,Aluminium Cans / Tins,5,5,0,55,85,2,2,2.9441831752577237,54.70223373814242,0.31472772508590785,0.10739879326976798,1.0,1.0,3.5778734816443243,1.0
4,Fragile gadget shipper with loose fill,Electronics,cardboard box + starch‑based packing peanuts,3,3,3,90,78,55,3,2,21,Recycled Steel Tins,5,5,0,60,90,2,2,3.0594996038533186,59.59154071145904,0.3531665346177729,0.22531436488485657,1.0,1.0,3.4215191004973704,2.0
4,Fragile gadget shipper with loose fill,Electronics,cardboard box + starch‑based packing peanuts,3,3,3,90,78,55,3,2,11,Pcr Hdpe/Ldpe,4,4,0,55,55,1,1,2.8919129246604043,54.66277559220874,0.29730430822013476,0.106447179910649,0.8,0.8,3.196248511869216,3.0
5,Snack bar wrapper,Food,compostable pla/cellulose multilayer film,3,3,4,80,75,28,4,1,13,Aluminium Cans / Tins,5,5,0,55,85,2,2,3.126725080475079,54.70223373814242,0.3755750268250263,0.10739879326976798,1.0,1.0,3.517026179905206,1.0
5,Snack bar wrapper,Food,compostable pla/cellulose multilayer film,3,3,4,80,75,28,4,1,21,Recycled Steel Tins,5,5,0,60,90,2,2,3.0906853252956203,59.59154071145904,0.36356177509854015,0.22531436488485657,1.0,1.0,3.411123860016603,2.0
5,Snack bar wrapper,Food,compostable pla/cellulose multilayer film,3,3,4,80,75,28,4,1,10,"Pcr Pet (Bottles, Trays)",4,4,0,55,60,1,1,3.1117757977316796,54.58064104464259,0.37059193257722656,0.10446633841747532,0.8,0.8,3.1249417290052977,3.0
6,Chips / dry snacks bag,Food,high‑barrier bio‑based or pe film with coating,3,3,5,65,55,20,3,1,13,Aluminium Cans / Tins,5,5,0,55,85,2,2,3.0,54.70223373814242,0.33333333333333337,0.10739879326976798,1.0,1.0,3.5592678733968985,1.0
6,Chips / dry snacks bag,Food,high‑barrier bio‑based or pe film with coating,3,3,5,65,55,20,3,1,21,Recycled Steel Tins,5,5,0,60,90,2,2,3.0,59.59154071145904,0.33333333333333337,0.22531436488485657,1.0,1.0,3.44135230178181,2.0
6,Chips / dry snacks bag,Food,high‑barrier bio‑based or pe film with coating,3,3,5,65,55,20,3,1,10,"Pcr Pet (Bottles, Trays)",4,4,0,55,60,1,1,3.0,54.58064104464259,0.33333333333333337,0.10446633841747532,0.8,0.8,3.162200328249191,3.0
7,Ready‑meal tray + lid,Food,bagasse tray + pla or cellulose lid film,3,3,4,85,80,45,3,1,13,Aluminium Cans / Tins,5,5,0,55,85,2,2,3.126725080475079,54.70223373814242,0.3755750268250263,0.10739879326976798,1.0,1.0,3.517026179905206,1.0
7,Ready‑meal tray + lid,Food,bagasse tray + pla or cellulose lid film,3,3,4,85,80,45,3,1,21,Recycled Steel Tins,5,5,0,60,90,2,2,3.0906853252956203,59.59154071145904,0.36356177509854015,0.22531436488485657,1.0,1.0,3.411123860016603,2.0
7,Ready‑meal tray + lid,Food,bagasse tray + pla or cellulose lid film,3,3,4,85,80,45,3,1,10,"Pcr Pet (Bottles, Trays)",4,4,0,55,60,1,1,3.1117757977316796,54.58064104464259,0.37059193257722656,0.10446633841747532,0.8,0.8,3.1249417290052977,3.0
8,Beverage can,Food,aluminium can,5,5,5,0,55,85,3,2,13,Aluminium Cans / Tins,5,5,0,55,85,0,0,3.0,54.70223373814242,0.33333333333333337,0.10739879326976798,0.6000000000000001,0.6000000000000001,2.7592678733968987,1.0
8,Beverage can,Food,aluminium can,5,5,5,0,55,85,3,2,21,Recycled Steel Tins,5,5,0,60,90,0,0,3.0,59.59154071145904,0.33333333333333337,0.22531436488485657,0.6000000000000001,0.6000000000000001,2.64135230178181,2.0
8,Beverage can,Food,aluminium can,5,5,5,0,55,85,3,2,10,"Pcr Pet (Bottles, Trays)",4,4,0,55,60,-1,-1,3.0,54.58064104464259,0.33333333333333337,0.10446633841747532,0.4000000000000001,0.4000000000000001,2.3622003282491915,3.0
9,Sauce or jam jar,Food,glass jar + metal lid,4,3,5,0,50,82,3,4,13,Aluminium Cans / Tins,5,5,0,55,85,1,2,3.0,54.70223373814242,0.33333333333333337,0.10739879326976798,0.8,1.0,3.359267873396899,1.0
9,Sauce or jam jar,Food,glass jar + metal lid,4,3,5,0,50,82,3,4,21,Recycled Steel Tins,5,5,0,60,90,1,2,3.0,59.59154071145904,0.33333333333333337,0.22531436488485657,0.8,1.0,3.24135230178181,2.0
9,Sauce or jam jar,Food,glass jar + metal lid,4,3,5,0,50,82,3,4,10,"Pcr Pet (Bottles, Trays)",4,4,0,55,60,0,1,3.0,54.58064104464259,0.33333333333333337,0.10446633841747532,0.6000000000000001,0.8,2.9622003282491915,3.0
10,Dairy in paper‑based cup,Food,coated paper cup + bioplastic or pe lining,3,3,4,60,60,40,3,1,13,Aluminium Cans / Tins,5,5,0,55,85,2,2,3.126725080475079,54.70223373814242,0.3755750268250263,0.10739879326976798,1.0,1.0,3.517026179905206,1.0
10,Dairy in paper‑based cup,Food,coated paper cup + bioplastic or pe lining,3,3,4,60,60,40,3,1,21,Recycled Steel Tins,5,5,0,60,90,2,2,3.0906853252956203,59.59154071145904,0.36356177509854015,0.22531436488485657,1.0,1.0,3.411123860016603,2.0
10,Dairy in paper‑based cup,Food,coated paper cup + bioplastic or pe lining,3,3,4,60,60,40,3,1,10,"Pcr Pet (Bottles, Trays)",4,4,0,55,60,1,1,3.1117757977316796,54.58064104464259,0.37059193257722656,0.10446633841747532,0.8,0.8,3.1249417290052977,3.0
11,Premium chocolate box,Food,rigid paperboard box + paper tray,3,3,3,85,70,75,4,3,13,Aluminium Cans / Tins,5,5,0,55,85,2,2,2.947336580086579,54.70223373814242,0.3157788600288597,0.10739879326976798,1.0,1.0,3.5768223467013724,1.0
11,Premium chocolate box,Food,rigid paperboard box + paper tray,3,3,3,85,70,75,4,3,21,Recycled Steel Tins,5,5,0,60,90,2,2,3.1558677572427576,59.59154071145904,0.3852892524142525,0.22531436488485657,1.0,1.0,3.389396382700891,2.0
11,Premium chocolate box,Food,rigid paperboard box + paper tray,3,3,3,85,70,75,4,3,11,Pcr Hdpe/Ldpe,4,4,0,55,55,1,1,2.982077228327228,54.66277559220874,0.327359076109076,0.106447179910649,0.8,0.8,3.1661937439802745,3.0
12,Glass skincare jar,Cosmetics,glass jar + aluminium / pcr plastic cap,4,3,5,10,52,80,3,4,13,Aluminium Cans / Tins,5,5,0,55,85,1,2,3.0,54.70223373814242,0.33333333333333337,0.10739879326976798,0.8,1.0,3.359267873396899,1.0
12,Glass skincare jar,Cosmetics,glass jar + aluminium / pcr plastic cap,4,3,5,10,52,80,3,4,21,Recycled Steel Tins,5,5,0,60,90,1,2,3.0,59.59154071145904,0.33333333333333337,0.22531436488485657,0.8,1.0,3.24135230178181,2.0
12,Glass skincare jar,Cosmetics,glass jar + aluminium / pcr plastic cap,4,3,5,10,52,80,3,4,10,"Pcr Pet (Bottles, Trays)",4,4,0,55,60,0,1,3.0,54.58064104464259,0.33333333333333337,0.10446633841747532,0.6000000000000001,0.8,2.9622003282491915,3.0
13,PCR PET skincare bottle,Cosmetics,pcr pet bottle + plastic pump,4,4,4,0,55,58,2,3,13,Aluminium Cans / Tins,5,5,0,55,85,1,1,2.4697570485070486,54.70223373814242,0.15658568283568286,0.10739879326976798,0.8,0.8,3.336015523894549,1.0
13,PCR PET skincare bottle,Cosmetics,pcr pet bottle + plastic pump,4,4,4,0,55,58,2,3,21,Recycled Steel Tins,5,5,0,60,90,1,1,2.219694444444444,59.59154071145904,0.07323148148148129,0.22531436488485657,0.8,0.8,3.301454153633662,2.0
13,PCR PET skincare bottle,Cosmetics,pcr pet bottle + plastic pump,4,4,4,0,55,58,2,3,11,Pcr Hdpe/Ldpe,4,4,0,55,55,0,0,2.397247835497835,54.66277559220874,0.13241594516594501,0.106447179910649,0.6000000000000001,0.6000000000000001,2.961136874923406,3.0
14,Bamboo‑cased lipstick / compact,Cosmetics,bamboo outer + plastic/metal insert,4,4,4,70,80,45,4,4,13,Aluminium Cans / Tins,5,5,0,55,85,1,1,4.0,54.70223373814242,0.6666666666666666,0.10739879326976798,0.8,0.8,2.8259345400635656,1.0
14,Bamboo‑cased lipstick / compact,Cosmetics,bamboo outer + plastic/metal insert,4,4,4,70,80,45,4,4,21,Recycled Steel Tins,5,5,0,60,90,1,1,4.0,59.59154071145904,0.6666666666666666,0.22531436488485657,0.8,0.8,2.708018968448477,2.0
14,Bamboo‑cased lipstick / compact,Cosmetics,bamboo outer + plastic/metal insert,4,4,4,70,80,45,4,4,10,"Pcr Pet (Bottles, Trays)",4,4,0,55,60,0,0,4.0,54.58064104464259,0.6666666666666666,0.10446633841747532,0.6000000000000001,0.6000000000000001,2.4288669949158583,3.0
15,Aluminium cosmetic tin,Cosmetics,aluminium screw‑top tin,5,5,5,0,55,85,3,4,13,Aluminium Cans / Tins,5,5,0,55,85,0,0,3.0,54.70223373814242,0.33333333333333337,0.10739879326976798,0.6000000000000001,0.6000000000000001,2.7592678733968987,1.0
15,Aluminium cosmetic tin,Cosmetics,aluminium screw‑top tin,5,5,5,0,55,85,3,4,21,Recycled Steel Tins,5,5,0,60,90,0,0,3.0,59.59154071145904,0.33333333333333337,0.22531436488485657,0.6000000000000001,0.6000000000000001,2.64135230178181,2.0
15,Aluminium cosmetic tin,Cosmetics,aluminium screw‑top tin,5,5,5,0,55,85,3,4,10,"Pcr Pet (Bottles, Trays)",4,4,0,55,60,-1,-1,3.0,54.58064104464259,0.33333333333333337,0.10446633841747532,0.4000000000000001,0.4000000000000001,2.3622003282491915,3.0
16,Refillable foundation bottle,Cosmetics,reusable glass/aluminium outer + refill cartridge,4,4,5,40,60,60,5,5,13,Aluminium Cans / Tins,5,5,0,55,85,1,1,5.0,54.70223373814242,0.9999999999999999,0.10739879326976798,0.8,0.8,2.4926012067302326,1.0
16,Refillable foundation bottle,Cosmetics,reusable glass/aluminium outer + refill cartridge,4,4,5,40,60,60,5,5,21,Recycled Steel Tins,5,5,0,60,90,1,1,5.0,59.59154071145904,0.9999999999999999,0.22531436488485657,0.8,0.8,2.374685635115144,2.0
16,Refillable foundation bottle,Cosmetics,reusable glass/aluminium outer + refill cartridge,4,4,5,40,60,60,5,5,10,"Pcr Pet (Bottles, Trays)",4,4,0,55,60,0,0,5.0,54.58064104464259,0.9999999999999999,0.10446633841747532,0.6000000000000001,0.6000000000000001,2.095533661582525,3.0
17,Refillable aluminium body‑wash bottle,Cosmetics,aluminium bottle + concentrate refills,5,5,5,80,80,85,4,5,13,Aluminium Cans / Tins,5,5,0,55,85,0,0,3.525166666666666,54.70223373814242,0.5083888888888887,0.10739879326976798,0.6000000000000001,0.6000000000000001,2.5842123178413434,1.0
17,Refillable aluminium body‑wash bottle,Cosmetics,aluminium bottle + concentrate refills,5,5,5,80,80,85,4,5,21,Recycled Steel Tins,5,5,0,60,90,0,0,3.5456666666666665,59.59154071145904,0.5152222222222221,0.22531436488485657,0.6000000000000001,0.6000000000000001,2.4594634128929216,2.0
17,Refillable aluminium body‑wash bottle,Cosmetics,aluminium bottle + concentrate refills,5,5,5,80,80,85,4,5,10,"Pcr Pet (Bottles, Trays)",4,4,0,55,60,-1,-1,3.4453333333333336,54.58064104464259,0.48177777777777775,0.10446633841747532,0.4000000000000001,0.4000000000000001,2.213755883804747,3.0
18,Blister pack for tablets ,Pharmaceuticals,pcr pet/foil blister + paperboard card,4,3,5,5,50,30,2,1,13,Aluminium Cans / Tins,5,5,0,55,85,1,2,2.4150000000000005,54.70223373814242,0.13833333333333353,0.10739879326976798,0.8,1.0,3.554267873396898,1.0
18,Blister pack for tablets ,Pharmaceuticals,pcr pet/foil blister + paperboard card,4,3,5,5,50,30,2,1,21,Recycled Steel Tins,5,5,0,60,90,1,2,2.5300000000000002,59.59154071145904,0.17666666666666675,0.22531436488485657,0.8,1.0,3.3980189684484765,2.0
18,Blister pack for tablets ,Pharmaceuticals,pcr pet/foil blister + paperboard card,4,3,5,5,50,30,2,1,10,"Pcr Pet (Bottles, Trays)",4,4,0,55,60,0,1,2.1740833333333334,54.58064104464259,0.05802777777777779,0.10446633841747532,0.6000000000000001,0.8,3.2375058838047472,3.0
19,Cough syrup bottle ,Pharmaceuticals,glass or pcr pet bottle + child‑proof cap,4,3,5,2,52,70,3,3,13,Aluminium Cans / Tins,5,5,0,55,85,1,2,3.0,54.70223373814242,0.33333333333333337,0.10739879326976798,0.8,1.0,3.359267873396899,1.0
19,Cough syrup bottle ,Pharmaceuticals,glass or pcr pet bottle + child‑proof cap,4,3,5,2,52,70,3,3,21,Recycled Steel Tins,5,5,0,60,90,1,2,3.0,59.59154071145904,0.33333333333333337,0.22531436488485657,0.8,1.0,3.24135230178181,2.0
19,Cough syrup bottle ,Pharmaceuticals,glass or pcr pet bottle + child‑proof cap,4,3,5,2,52,70,3,3,10,"Pcr Pet (Bottles, Trays)",4,4,0,55,60,0,1,3.0,54.58064104464259,0.33333333333333337,0.10446633841747532,0.6000000000000001,0.8,2.9622003282491915,3.0
20,Soda PET bottle ,Beverages,pcr pet bottle + pcr cap,4,4,5,0,55,60,2,4,13,Aluminium Cans / Tins,5,5,0,55,85,1,1,2.6709047619047612,54.70223373814242,0.2236349206349204,0.10739879326976798,0.8,0.8,3.2689662860953117,1.0
20,Soda PET bottle ,Beverages,pcr pet bottle + pcr cap,4,4,5,0,55,60,2,4,21,Recycled Steel Tins,5,5,0,60,90,1,1,2.5103333333333335,59.59154071145904,0.1701111111111112,0.22531436488485657,0.8,0.8,3.204574524004032,2.0
20,Soda PET bottle ,Beverages,pcr pet bottle + pcr cap,4,4,5,0,55,60,2,4,10,"Pcr Pet (Bottles, Trays)",4,4,0,55,60,0,0,2.6662380952380955,54.58064104464259,0.2220793650793652,0.10446633841747532,0.6000000000000001,0.6000000000000001,2.8734542965031595,3.0
21,Premium glass water ,Beverages,glass bottle + metal cap,4,3,5,0,50,82,3,5,13,Aluminium Cans / Tins,5,5,0,55,85,1,2,3.0,54.70223373814242,0.33333333333333337,0.10739879326976798,0.8,1.0,3.359267873396899,1.0
21,Premium glass water ,Beverages,glass bottle + metal cap,4,3,5,0,50,82,3,5,21,Recycled Steel Tins,5,5,0,60,90,1,2,3.0,59.59154071145904,0.33333333333333337,0.22531436488485657,0.8,1.0,3.24135230178181,2.0
21,Premium glass water ,Beverages,glass bottle + metal cap,4,3,5,0,50,82,3,5,10,"Pcr Pet (Bottles, Trays)",4,4,0,55,60,0,1,3.0,54.58064104464259,0.33333333333333337,0.10446633841747532,0.6000000000000001,0.8,2.9622003282491915,3.0
22,T‑shirt shipping envelope ,Textiles/Apparel,recycled paper/poly mailer or compostable film,3,3,3,80,65,60,2,2,13,Aluminium Cans / Tins,5,5,0,55,85,2,2,2.9441831752577237,54.70223373814242,0.31472772508590785,0.10739879326976798,1.0,1.0,3.5778734816443243,1.0
22,T‑shirt shipping envelope ,Textiles/Apparel,recycled paper/poly mailer or compostable film,3,3,3,80,65,60,2,2,21,Recycled Steel Tins,5,5,0,60,90,2,2,3.0594996038533186,59.59154071145904,0.3531665346177729,0.22531436488485657,1.0,1.0,3.4215191004973704,2.0
22,T‑shirt shipping envelope ,Textiles/Apparel,recycled paper/poly mailer or compostable film,3,3,3,80,65,60,2,2,11,Pcr Hdpe/Ldpe,4,4,0,55,55,1,1,2.8919129246604043,54.66277559220874,0.29730430822013476,0.106447179910649,0.8,0.8,3.196248511869216,3.0
23,Jeans retail box ,Textiles/Apparel,recycled cardboard box + paper band,3,3,3,85,70,75,3,3,13,Aluminium Cans / Tins,5,5,0,55,85,2,2,2.947336580086579,54.70223373814242,0.3157788600288597,0.10739879326976798,1.0,1.0,3.5768223467013724,1.0
23,Jeans retail box ,Textiles/Apparel,recycled cardboard box + paper band,3,3,3,85,70,75,3,3,21,Recycled Steel Tins,5,5,0,60,90,2,2,3.1558677572427576,59.59154071145904,0.3852892524142525,0.22531436488485657,1.0,1.0,3.389396382700891,2.0
23,Jeans retail box ,Textiles/Apparel,recycled cardboard box + paper band,3,3,3,85,70,75,3,3,11,Pcr Hdpe/Ldpe,4,4,0,55,55,1,1,2.982077228327228,54.66277559220874,0.327359076109076,0.106447179910649,0.8,0.8,3.1661937439802745,3.0
24,Shampoo refill pouch ,Personal Care/Home,recycled plastic or compostable pouch,3,3,4,70,65,40,2,4,13,Aluminium Cans / Tins,5,5,0,55,85,2,2,2.0,54.70223373814242,0.0,0.10739879326976798,1.0,1.0,3.892601206730232,1.0
24,Shampoo refill pouch ,Personal Care/Home,recycled plastic or compostable pouch,3,3,4,70,65,40,2,4,21,Recycled Steel Tins,5,5,0,60,90,2,2,2.0,59.59154071145904,0.0,0.22531436488485657,1.0,1.0,3.7746856351151434,2.0
24,Shampoo refill pouch ,Personal Care/Home,recycled plastic or compostable pouch,3,3,4,70,65,40,2,4,10,"Pcr Pet (Bottles, Trays)",4,4,0,55,60,1,1,2.0,54.58064104464259,0.0,0.10446633841747532,0.8,0.8,3.4955336615825248,3.0
25,Detergent pod tray ,Personal Care/Home,paperboard tray + bioplastic pods,3,3,4,75,72,65,3,2,13,Aluminium Cans / Tins,5,5,0,55,85,2,2,3.0,54.70223373814242,0.33333333333333337,0.10739879326976798,1.0,1.0,3.5592678733968985,1.0
25,Detergent pod tray ,Personal Care/Home,paperboard tray + bioplastic pods,3,3,4,75,72,65,3,2,21,Recycled Steel Tins,5,5,0,60,90,2,2,3.0,59.59154071145904,0.33333333333333337,0.22531436488485657,1.0,1.0,3.44135230178181,2.0
25,Detergent pod tray ,Personal Care/Home,paperboard tray + bioplastic pods,3,3,4,75,72,65,3,2,10,"Pcr Pet (Bottles, Trays)",4,4,0,55,60,1,1,3.0,54.58064104464259,0.33333333333333337,0.10446633841747532,0.8,0.8,3.162200328249191,3.0
26,Electric kettle box,Household Appliances,heavy corrugated box + molded pulp inserts,4,4,3,85,70,75,3,2,13,Aluminium Cans / Tins,5,5,0,55,85,1,1,3.0,54.70223373814242,0.33333333333333337,0.10739879326976798,0.8,0.8,3.1592678733968986,1.0
26,Electric kettle box,Household Appliances,heavy corrugated box + molded pulp inserts,4,4,3,85,70,75,3,2,21,Recycled Steel Tins,5,5,0,60,90,1,1,3.0,59.59154071145904,0.33333333333333337,0.22531436488485657,0.8,0.8,3.04135230178181,2.0
26,Electric kettle box,Household Appliances,heavy corrugated box + molded pulp inserts,4,4,3,85,70,75,3,2,10,"Pcr Pet (Bottles, Trays)",4,4,0,55,60,0,0,3.0,54.58064104464259,0.33333333333333337,0.10446633841747532,0.6000000000000001,0.6000000000000001,2.7622003282491914,3.0
27,Microwave oven shipper,Household Appliances,reinforced corrugated fiberboard + foam corners,5,5,3,65,55,50,3,1,13,Aluminium Cans / Tins,5,5,0,55,85,0,0,3.0,54.70223373814242,0.33333333333333337,0.10739879326976798,0.6000000000000001,0.6000000000000001,2.7592678733968987,1.0
27,Microwave oven shipper,Household Appliances,reinforced corrugated fiberboard + foam corners,5,5,3,65,55,50,3,1,21,Recycled Steel Tins,5,5,0,60,90,0,0,3.0,59.59154071145904,0.33333333333333337,0.22531436488485657,0.6000000000000001,0.6000000000000001,2.64135230178181,2.0
27,Microwave oven shipper,Household Appliances,reinforced corrugated fiberboard + foam corners,5,5,3,65,55,50,3,1,10,"Pcr Pet (Bottles, Trays)",4,4,0,55,60,-1,-1,3.0,54.58064104464259,0.33333333333333337,0.10446633841747532,0.4000000000000001,0.4000000000000001,2.3622003282491915,3.0
28,Blender packaging,Household Appliances,cardboard box + molded paper trays,4,4,3,88,70,73,3,2,13,Aluminium Cans / Tins,5,5,0,55,85,1,1,3.0,54.70223373814242,0.33333333333333337,0.10739879326976798,0.8,0.8,3.1592678733968986,1.0
28,Blender packaging,Household Appliances,cardboard box + molded paper trays,4,4,3,88,70,73,3,2,21,Recycled Steel Tins,5,5,0,60,90,1,1,3.0,59.59154071145904,0.33333333333333337,0.22531436488485657,0.8,0.8,3.04135230178181,2.0
28,Blender packaging,Household Appliances,cardboard box + molded paper trays,4,4,3,88,70,73,3,2,10,"Pcr Pet (Bottles, Trays)",4,4,0,55,60,0,0,3.0,54.58064104464259,0.33333333333333337,0.10446633841747532,0.6000000000000001,0.6000000000000001,2.7622003282491914,3.0
29,Refrigerator outer box,Household Appliances,heavy-duty corrugated cardboard + paper edge protectors,5,5,3,80,72,70,4,2,13,Aluminium Cans / Tins,5,5,0,55,85,0,0,3.7253412698412713,54.70223373814242,0.5751137566137571,0.10739879326976798,0.6000000000000001,0.6000000000000001,2.5174874501164752,1.0
29,Refrigerator outer box,Household Appliances,heavy-duty corrugated cardboard + paper edge protectors,5,5,3,80,72,70,4,2,21,Recycled Steel Tins,5,5,0,60,90,0,0,3.9794761904761913,59.59154071145904,0.659825396825397,0.22531436488485657,0.6000000000000001,0.6000000000000001,2.3148602382897465,2.0
29,Refrigerator outer box,Household Appliances,heavy-duty corrugated cardboard + paper edge protectors,5,5,3,80,72,70,4,2,10,"Pcr Pet (Bottles, Trays)",4,4,0,55,60,-1,-1,3.800476190476192,54.58064104464259,0.6001587301587307,0.10446633841747532,0.4000000000000001,0.4000000000000001,2.095374931423794,3.0
30,Vacuum cleaner pack,Household Appliances,corrugated board + paper pulp inserts,4,4,3,85,70,75,3,2,13,Aluminium Cans / Tins,5,5,0,55,85,1,1,3.0,54.70223373814242,0.33333333333333337,0.10739879326976798,0.8,0.8,3.1592678733968986,1.0
30,Vacuum cleaner pack,Household Appliances,corrugated board + paper pulp inserts,4,4,3,85,70,75,3,2,21,Recycled Steel Tins,5,5,0,60,90,1,1,3.0,59.59154071145904,0.33333333333333337,0.22531436488485657,0.8,0.8,3.04135230178181,2.0
30,Vacuum cleaner pack,Household Appliances,corrugated board + paper pulp inserts,4,4,3,85,70,75,3,2,10,"Pcr Pet (Bottles, Trays)",4,4,0,55,60,0,0,3.0,54.58064104464259,0.33333333333333337,0.10446633841747532,0.6000000000000001,0.6000000000000001,2.7622003282491914,3.0
31,Ceiling fan box,Household Appliances,recycled cardboard box + paper cushioning,4,4,3,85,70,72,3,2,13,Aluminium Cans / Tins,5,5,0,55,85,1,1,3.0,54.70223373814242,0.33333333333333337,0.10739879326976798,0.8,0.8,3.1592678733968986,1.0
31,Ceiling fan box,Household Appliances,recycled cardboard box + paper cushioning,4,4,3,85,70,72,3,2,21,Recycled Steel Tins,5,5,0,60,90,1,1,3.0,59.59154071145904,0.33333333333333337,0.22531436488485657,0.8,0.8,3.04135230178181,2.0
31,Ceiling fan box,Household Appliances,recycled cardboard box + paper cushioning,4,4,3,85,70,72,3,2,10,"Pcr Pet (Bottles, Trays)",4,4,0,55,60,0,0,3.0,54.58064104464259,0.33333333333333337,0.10446633841747532,0.6000000000000001,0.6000000000000001,2.7622003282491914,3.0
32,Iron packaging,Household Appliances,folding boxboard + paper pulp tray,3,3,3,88,70,75,3,2,13,Aluminium Cans / Tins,5,5,0,55,85,2,2,2.9441831752577237,54.70223373814242,0.31472772508590785,0.10739879326976798,1.0,1.0,3.5778734816443243,1.0
32,Iron packaging,Household Appliances,folding boxboard + paper pulp tray,3,3,3,88,70,75,3,2,21,Recycled Steel Tins,5,5,0,60,90,2,2,3.0594996038533186,59.59154071145904,0.3531665346177729,0.22531436488485657,1.0,1.0,3.4215191004973704,2.0
32,Iron packaging,Household Appliances,folding boxboard + paper pulp tray,3,3,3,88,70,75,3,2,11,Pcr Hdpe/Ldpe,4,4,0,55,55,1,1,2.8919129246604043,54.66277559220874,0.29730430822013476,0.106447179910649,0.8,0.8,3.196248511869216,3.0
33,Air purifier box,Household Appliances,corrugated cardboard + recyclable foam pads,4,4,4,75,65,70,3,2,13,Aluminium Cans / Tins,5,5,0,55,85,1,1,3.0,54.70223373814242,0.33333333333333337,0.10739879326976798,0.8,0.8,3.1592678733968986,1.0
33,Air purifier box,Household Appliances,corrugated cardboard + recyclable foam pads,4,4,4,75,65,70,3,2,21,Recycled Steel Tins,5,5,0,60,90,1,1,3.0,59.59154071145904,0.33333333333333337,0.22531436488485657,0.8,0.8,3.04135230178181,2.0
33,Air purifier box,Household Appliances,corrugated cardboard + recyclable foam pads,4,4,4,75,65,70,3,2,10,"Pcr Pet (Bottles, Trays)",4,4,0,55,60,0,0,3.0,54.58064104464259,0.33333333333333337,0.10446633841747532,0.6000000000000001,0.6000000000000001,2.7622003282491914,3.0
34,Coffee maker box,Household Appliances,printed paperboard + recycled pulp,3,3,3,85,68,70,3,2,13,Aluminium Cans / Tins,5,5,0,55,85,2,2,2.9441831752577237,54.70223373814242,0.31472772508590785,0.10739879326976798,1.0,1.0,3.5778734816443243,1.0
34,Coffee maker box,Household Appliances,printed paperboard + recycled pulp,3,3,3,85,68,70,3,2,21,Recycled Steel Tins,5,5,0,60,90,2,2,3.0594996038533186,59.59154071145904,0.3531665346177729,0.22531436488485657,1.0,1.0,3.4215191004973704,2.0
34,Coffee maker box,Household Appliances,printed paperboard + recycled pulp,3,3,3,85,68,70,3,2,11,Pcr Hdpe/Ldpe,4,4,0,55,55,1,1,2.8919129246604043,54.66277559220874,0.29730430822013476,0.106447179910649,0.8,0.8,3.196248511869216,3.0
35,Toaster packaging,Household Appliances,recycled cardboard + molded pulp liner,3,3,3,85,70,75,3,2,13,Aluminium Cans / Tins,5,5,0,55,85,2,2,2.9441831752577237,54.70223373814242,0.31472772508590785,0.10739879326976798,1.0,1.0,3.5778734816443243,1.0
35,Toaster packaging,Household Appliances,recycled cardboard + molded pulp liner,3,3,3,85,70,75,3,2,21,Recycled Steel Tins,5,5,0,60,90,2,2,3.0594996038533186,59.59154071145904,0.3531665346177729,0.22531436488485657,1.0,1.0,3.4215191004973704,2.0
35,Toaster packaging,Household Appliances,recycled cardboard + molded pulp liner,3,3,3,85,70,75,3,2,11,Pcr Hdpe/Ldpe,4,4,0,55,55,1,1,2.8919129246604043,54.66277559220874,0.29730430822013476,0.106447179910649,0.8,0.8,3.196248511869216,3.0
36,Dining chair carton,Furniture,corrugated board + stretch film,4,5,3,70,65,50,3,2,13,Aluminium Cans / Tins,5,5,0,55,85,1,0,3.4694426406926415,54.70223373814242,0.48981421356421373,0.10739879326976798,0.8,0.6000000000000001,2.8027869931660185,1.0
36,Dining chair carton,Furniture,corrugated board + stretch film,4,5,3,70,65,50,3,2,21,Recycled Steel Tins,5,5,0,60,90,1,0,3.4759498556998567,59.59154071145904,0.4919832852332856,0.22531436488485657,0.8,0.6000000000000001,2.682702349881858,2.0
36,Dining chair carton,Furniture,corrugated board + stretch film,4,5,3,70,65,50,3,2,11,Pcr Hdpe/Ldpe,4,4,0,55,55,0,-1,3.3448571428571423,54.66277559220874,0.44828571428571407,0.106447179910649,0.6000000000000001,0.4000000000000001,2.445267105803637,3.0
37,Table flat pack,Furniture,recycled cardboard + paper corner pads,5,5,3,75,68,68,4,2,13,Aluminium Cans / Tins,5,5,0,55,85,0,0,3.7253412698412713,54.70223373814242,0.5751137566137571,0.10739879326976798,0.6000000000000001,0.6000000000000001,2.5174874501164752,1.0
37,Table flat pack,Furniture,recycled cardboard + paper corner pads,5,5,3,75,68,68,4,2,21,Recycled Steel Tins,5,5,0,60,90,0,0,3.9794761904761913,59.59154071145904,0.659825396825397,0.22531436488485657,0.6000000000000001,0.6000000000000001,2.3148602382897465,2.0
37,Table flat pack,Furniture,recycled cardboard + paper corner pads,5,5,3,75,68,68,4,2,10,"Pcr Pet (Bottles, Trays)",4,4,0,55,60,-1,-1,3.800476190476192,54.58064104464259,0.6001587301587307,0.10446633841747532,0.4000000000000001,0.4000000000000001,2.095374931423794,3.0
38,Cushion packaging,Furniture,compostable bag + tissue wrapping,3,3,2,90,78,60,3,3,13,Aluminium Cans / Tins,5,5,0,55,85,2,2,2.1419041514041512,54.70223373814242,0.04730138380138371,0.10739879326976798,1.0,1.0,3.8452998229288484,1.0
38,Cushion packaging,Furniture,compostable bag + tissue wrapping,3,3,2,90,78,60,3,3,21,Recycled Steel Tins,5,5,0,60,90,2,2,2.0092222222222222,59.59154071145904,0.003074074074074118,0.22531436488485657,1.0,1.0,3.771611561041069,2.0
38,Cushion packaging,Furniture,compostable bag + tissue wrapping,3,3,2,90,78,60,3,3,11,Pcr Hdpe/Ldpe,4,4,0,55,55,1,1,2.2092362637362637,54.66277559220874,0.06974542124542127,0.106447179910649,0.8,0.8,3.4238073988439295,3.0
39,Mattress roll wrap,Furniture,recyclable pe film + paper sleeve,4,4,3,60,55,55,3,2,13,Aluminium Cans / Tins,5,5,0,55,85,1,1,3.0,54.70223373814242,0.33333333333333337,0.10739879326976798,0.8,0.8,3.1592678733968986,1.0
39,Mattress roll wrap,Furniture,recyclable pe film + paper sleeve,4,4,3,60,55,55,3,2,21,Recycled Steel Tins,5,5,0,60,90,1,1,3.0,59.59154071145904,0.33333333333333337,0.22531436488485657,0.8,0.8,3.04135230178181,2.0
39,Mattress roll wrap,Furniture,recyclable pe film + paper sleeve,4,4,3,60,55,55,3,2,10,"Pcr Pet (Bottles, Trays)",4,4,0,55,60,0,0,3.0,54.58064104464259,0.33333333333333337,0.10446633841747532,0.6000000000000001,0.6000000000000001,2.7622003282491914,3.0
40,Lamp box,Furniture,corrugated box + molded pulp,3,3,3,85,70,75,3,3,13,Aluminium Cans / Tins,5,5,0,55,85,2,2,2.947336580086579,54.70223373814242,0.3157788600288597,0.10739879326976798,1.0,1.0,3.5768223467013724,1.0
40,Lamp box,Furniture,corrugated box + molded pulp,3,3,3,85,70,75,3,3,21,Recycled Steel Tins,5,5,0,60,90,2,2,3.1558677572427576,59.59154071145904,0.3852892524142525,0.22531436488485657,1.0,1.0,3.389396382700891,2.0
40,Lamp box,Furniture,corrugated box + molded pulp,3,3,3,85,70,75,3,3,11,Pcr Hdpe/Ldpe,4,4,0,55,55,1,1,2.982077228327228,54.66277559220874,0.327359076109076,0.106447179910649,0.8,0.8,3.1661937439802745,3.0
41,Kids’ toy box,Toys,folding carton + paper insert,3,3,3,85,70,70,3,2,13,Aluminium Cans / Tins,5,5,0,55,85,2,2,2.9441831752577237,54.70223373814242,0.31472772508590785,0.10739879326976798,1.0,1.0,3.5778734816443243,1.0
41,Kids’ toy box,Toys,folding carton + paper insert,3,3,3,85,70,70,3,2,21,Recycled Steel Tins,5,5,0,60,90,2,2,3.0594996038533186,59.59154071145904,0.3531665346177729,0.22531436488485657,1.0,1.0,3.4215191004973704,2.0
41,Kids’ toy box,Toys,folding carton + paper insert,3,3,3,85,70,70,3,2,11,Pcr Hdpe/Ldpe,4,4,0,55,55,1,1,2.8919129246604043,54.66277559220874,0.29730430822013476,0.106447179910649,0.8,0.8,3.196248511869216,3.0
42,Building blocks tub,Toys,pcr pp tub + paper sleeve,4,4,4,20,55,60,2,3,13,Aluminium Cans / Tins,5,5,0,55,85,1,1,2.4697570485070486,54.70223373814242,0.15658568283568286,0.10739879326976798,0.8,0.8,3.336015523894549,1.0
42,Building blocks tub,Toys,pcr pp tub + paper sleeve,4,4,4,20,55,60,2,3,21,Recycled Steel Tins,5,5,0,60,90,1,1,2.219694444444444,59.59154071145904,0.07323148148148129,0.22531436488485657,0.8,0.8,3.301454153633662,2.0
42,Building blocks tub,Toys,pcr pp tub + paper sleeve,4,4,4,20,55,60,2,3,11,Pcr Hdpe/Ldpe,4,4,0,55,55,0,0,2.397247835497835,54.66277559220874,0.13241594516594501,0.106447179910649,0.6000000000000001,0.6000000000000001,2.961136874923406,3.0
43,Soft toy bag,Toys,biodegradable pla film + paper tag,3,3,2,80,70,40,3,2,13,Aluminium Cans / Tins,5,5,0,55,85,2,2,3.0,54.70223373814242,0.33333333333333337,0.10739879326976798,1.0,1.0,3.5592678733968985,1.0
43,Soft toy bag,Toys,biodegradable pla film + paper tag,3,3,2,80,70,40,3,2,21,Recycled Steel Tins,5,5,0,60,90,2,2,3.0,59.59154071145904,0.33333333333333337,0.22531436488485657,1.0,1.0,3.44135230178181,2.0
43,Soft toy bag,Toys,biodegradable pla film + paper tag,3,3,2,80,70,40,3,2,10,"Pcr Pet (Bottles, Trays)",4,4,0,55,60,1,1,3.0,54.58064104464259,0.33333333333333337,0.10446633841747532,0.8,0.8,3.162200328249191,3.0
44,Educational kit box,Toys,paperboard box + pulp tray,3,3,3,85,70,75,3,3,13,Aluminium Cans / Tins,5,5,0,55,85,2,2,2.947336580086579,54.70223373814242,0.3157788600288597,0.10739879326976798,1.0,1.0,3.5768223467013724,1.0
44,Educational kit box,Toys,paperboard box + pulp tray,3,3,3,85,70,75,3,3,21,Recycled Steel Tins,5,5,0,60,90,2,2,3.1558677572427576,59.59154071145904,0.3852892524142525,0.22531436488485657,1.0,1.0,3.389396382700891,2.0
44,Educational kit box,Toys,paperboard box + pulp tray,3,3,3,85,70,75,3,3,11,Pcr Hdpe/Ldpe,4,4,0,55,55,1,1,2.982077228327228,54.66277559220874,0.327359076109076,0.106447179910649,0.8,0.8,3.1661937439802745,3.0
45,Doll packaging,Toys,recycled pet window + paperboard shell,3,3,3,65,60,55,3,2,13,Aluminium Cans / Tins,5,5,0,55,85,2,2,2.9441831752577237,54.70223373814242,0.31472772508590785,0.10739879326976798,1.0,1.0,3.5778734816443243,1.0
45,Doll packaging,Toys,recycled pet window + paperboard shell,3,3,3,65,60,55,3,2,21,Recycled Steel Tins,5,5,0,60,90,2,2,3.0594996038533186,59.59154071145904,0.3531665346177729,0.22531436488485657,1.0,1.0,3.4215191004973704,2.0
45,Doll packaging,Toys,recycled pet window + paperboard shell,3,3,3,65,60,55,3,2,11,Pcr Hdpe/Ldpe,4,4,0,55,55,1,1,2.8919129246604043,54.66277559220874,0.29730430822013476,0.106447179910649,0.8,0.8,3.196248511869216,3.0
46,Baby bottle pack,Baby Care,pcr pet clamshell + cardboard sleeve,4,4,4,25,55,60,3,3,13,Aluminium Cans / Tins,5,5,0,55,85,1,1,2.4697570485070486,54.70223373814242,0.15658568283568286,0.10739879326976798,0.8,0.8,3.336015523894549,1.0
46,Baby bottle pack,Baby Care,pcr pet clamshell + cardboard sleeve,4,4,4,25,55,60,3,3,21,Recycled Steel Tins,5,5,0,60,90,1,1,2.219694444444444,59.59154071145904,0.07323148148148129,0.22531436488485657,0.8,0.8,3.301454153633662,2.0
46,Baby bottle pack,Baby Care,pcr pet clamshell + cardboard sleeve,4,4,4,25,55,60,3,3,11,Pcr Hdpe/Ldpe,4,4,0,55,55,0,0,2.397247835497835,54.66277559220874,0.13241594516594501,0.106447179910649,0.6000000000000001,0.6000000000000001,2.961136874923406,3.0
47,Baby lotion bottle,Baby Care,hdpe bottle + paper label,4,4,4,0,55,55,2,3,13,Aluminium Cans / Tins,5,5,0,55,85,1,1,2.4697570485070486,54.70223373814242,0.15658568283568286,0.10739879326976798,0.8,0.8,3.336015523894549,1.0
47,Baby lotion bottle,Baby Care,hdpe bottle + paper label,4,4,4,0,55,55,2,3,21,Recycled Steel Tins,5,5,0,60,90,1,1,2.219694444444444,59.59154071145904,0.07323148148148129,0.22531436488485657,0.8,0.8,3.301454153633662,2.0
47,Baby lotion bottle,Baby Care,hdpe bottle + paper label,4,4,4,0,55,55,2,3,11,Pcr Hdpe/Ldpe,4,4,0,55,55,0,0,2.397247835497835,54.66277559220874,0.13241594516594501,0.106447179910649,0.6000000000000001,0.6000000000000001,2.961136874923406,3.0
48,Diaper bag pack,Baby Care,recyclable pe or compostable film,3,3,3,70,65,45,3,2,13,Aluminium Cans / Tins,5,5,0,55,85,2,2,2.9441831752577237,54.70223373814242,0.31472772508590785,0.10739879326976798,1.0,1.0,3.5778734816443243,1.0
48,Diaper bag pack,Baby Care,recyclable pe or compostable film,3,3,3,70,65,45,3,2,21,Recycled Steel Tins,5,5,0,60,90,2,2,3.0594996038533186,59.59154071145904,0.3531665346177729,0.22531436488485657,1.0,1.0,3.4215191004973704,2.0
48,Diaper bag pack,Baby Care,recyclable pe or compostable film,3,3,3,70,65,45,3,2,11,Pcr Hdpe/Ldpe,4,4,0,55,55,1,1,2.8919129246604043,54.66277559220874,0.29730430822013476,0.106447179910649,0.8,0.8,3.196248511869216,3.0
49,Baby food pouch,Baby Care,multi-layer biofilm with pla,3,3,4,75,70,30,3,1,13,Aluminium Cans / Tins,5,5,0,55,85,2,2,3.126725080475079,54.70223373814242,0.3755750268250263,0.10739879326976798,1.0,1.0,3.517026179905206,1.0
49,Baby food pouch,Baby Care,multi-layer biofilm with pla,3,3,4,75,70,30,3,1,21,Recycled Steel Tins,5,5,0,60,90,2,2,3.0906853252956203,59.59154071145904,0.36356177509854015,0.22531436488485657,1.0,1.0,3.411123860016603,2.0
49,Baby food pouch,Baby Care,multi-layer biofilm with pla,3,3,4,75,70,30,3,1,10,"Pcr Pet (Bottles, Trays)",4,4,0,55,60,1,1,3.1117757977316796,54.58064104464259,0.37059193257722656,0.10446633841747532,0.8,0.8,3.1249417290052977,3.0
50,Baby wipes packet,Baby Care,recyclable film + paper label,3,3,3,60,60,50,3,2,13,Aluminium Cans / Tins,5,5,0,55,85,2,2,2.9441831752577237,54.70223373814242,0.31472772508590785,0.10739879326976798,1.0,1.0,3.5778734816443243,1.0
50,Baby wipes packet,Baby Care,recyclable film + paper label,3,3,3,60,60,50,3,2,21,Recycled Steel Tins,5,5,0,60,90,2,2,3.0594996038533186,59.59154071145904,0.3531665346177729,0.22531436488485657,1.0,1.0,3.4215191004973704,2.0
50,Baby wipes packet,Baby Care,recyclable film + paper label,3,3,3,60,60,50,3,2,11,Pcr Hdpe/Ldpe,4,4,0,55,55,1,1,2.8919129246604043,54.66277559220874,0.29730430822013476,0.106447179910649,0.8,0.8,3.196248511869216,3.0
51,Motor oil bottle,Industrial/Automotive,pcr hdpe bottle + tamper seal,5,5,5,0,55,55,3,2,13,Aluminium Cans / Tins,5,5,0,55,85,0,0,3.0,54.70223373814242,0.33333333333333337,0.10739879326976798,0.6000000000000001,0.6000000000000001,2.7592678733968987,1.0
51,Motor oil bottle,Industrial/Automotive,pcr hdpe bottle + tamper seal,5,5,5,0,55,55,3,2,21,Recycled Steel Tins,5,5,0,60,90,0,0,3.0,59.59154071145904,0.33333333333333337,0.22531436488485657,0.6000000000000001,0.6000000000000001,2.64135230178181,2.0
51,Motor oil bottle,Industrial/Automotive,pcr hdpe bottle + tamper seal,5,5,5,0,55,55,3,2,10,"Pcr Pet (Bottles, Trays)",4,4,0,55,60,-1,-1,3.0,54.58064104464259,0.33333333333333337,0.10446633841747532,0.4000000000000001,0.4000000000000001,2.3622003282491915,3.0
52,Brake fluid can,Industrial/Automotive,metal can + plastic cap,5,5,5,0,50,75,3,3,13,Aluminium Cans / Tins,5,5,0,55,85,0,0,3.0,54.70223373814242,0.33333333333333337,0.10739879326976798,0.6000000000000001,0.6000000000000001,2.7592678733968987,1.0
52,Brake fluid can,Industrial/Automotive,metal can + plastic cap,5,5,5,0,50,75,3,3,21,Recycled Steel Tins,5,5,0,60,90,0,0,3.0,59.59154071145904,0.33333333333333337,0.22531436488485657,0.6000000000000001,0.6000000000000001,2.64135230178181,2.0
52,Brake fluid can,Industrial/Automotive,metal can + plastic cap,5,5,5,0,50,75,3,3,10,"Pcr Pet (Bottles, Trays)",4,4,0,55,60,-1,-1,3.0,54.58064104464259,0.33333333333333337,0.10446633841747532,0.4000000000000001,0.4000000000000001,2.3622003282491915,3.0
53,Car part box,Industrial/Automotive,heavy corrugated box + paper fillers,4,5,3,70,60,60,3,2,13,Aluminium Cans / Tins,5,5,0,55,85,1,0,3.4694426406926415,54.70223373814242,0.48981421356421373,0.10739879326976798,0.8,0.6000000000000001,2.8027869931660185,1.0
53,Car part box,Industrial/Automotive,heavy corrugated box + paper fillers,4,5,3,70,60,60,3,2,21,Recycled Steel Tins,5,5,0,60,90,1,0,3.4759498556998567,59.59154071145904,0.4919832852332856,0.22531436488485657,0.8,0.6000000000000001,2.682702349881858,2.0
53,Car part box,Industrial/Automotive,heavy corrugated box + paper fillers,4,5,3,70,60,60,3,2,11,Pcr Hdpe/Ldpe,4,4,0,55,55,0,-1,3.3448571428571423,54.66277559220874,0.44828571428571407,0.106447179910649,0.6000000000000001,0.4000000000000001,2.445267105803637,3.0
54,Lubricant pouch,Industrial/Automotive,refill pouch with barrier film,4,4,4,50,55,45,2,3,13,Aluminium Cans / Tins,5,5,0,55,85,1,1,2.4697570485070486,54.70223373814242,0.15658568283568286,0.10739879326976798,0.8,0.8,3.336015523894549,1.0
54,Lubricant pouch,Industrial/Automotive,refill pouch with barrier film,4,4,4,50,55,45,2,3,21,Recycled Steel Tins,5,5,0,60,90,1,1,2.219694444444444,59.59154071145904,0.07323148148148129,0.22531436488485657,0.8,0.8,3.301454153633662,2.0
54,Lubricant pouch,Industrial/Automotive,refill pouch with barrier film,4,4,4,50,55,45,2,3,11,Pcr Hdpe/Ldpe,4,4,0,55,55,0,0,2.397247835497835,54.66277559220874,0.13241594516594501,0.106447179910649,0.6000000000000001,0.6000000000000001,2.961136874923406,3.0
55,Battery packaging,Industrial/Automotive,recyclable pet clamshell + board backing,4,4,4,10,52,55,3,1,13,Aluminium Cans / Tins,5,5,0,55,85,1,1,3.0,54.70223373814242,0.33333333333333337,0.10739879326976798,0.8,0.8,3.1592678733968986,1.0
55,Battery packaging,Industrial/Automotive,recyclable pet clamshell + board backing,4,4,4,10,52,55,3,1,21,Recycled Steel Tins,5,5,0,60,90,1,1,3.0,59.59154071145904,0.33333333333333337,0.22531436488485657,0.8,0.8,3.04135230178181,2.0
55,Battery packaging,Industrial/Automotive,recyclable pet clamshell + board backing,4,4,4,10,52,55,3,1,10,"Pcr Pet (Bottles, Trays)",4,4,0,55,60,0,0,3.0,54.58064104464259,0.33333333333333337,0.10446633841747532,0.6000000000000001,0.6000000000000001,2.7622003282491914,3.0
56,Medical syringe pack,Healthcare/Medical Devices,sterilized blister + paper lid,4,3,5,5,50,30,3,1,13,Aluminium Cans / Tins,5,5,0,55,85,1,2,2.4150000000000005,54.70223373814242,0.13833333333333353,0.10739879326976798,0.8,1.0,3.554267873396898,1.0
56,Medical syringe pack,Healthcare/Medical Devices,sterilized blister + paper lid,4,3,5,5,50,30,3,1,21,Recycled Steel Tins,5,5,0,60,90,1,2,2.5300000000000002,59.59154071145904,0.17666666666666675,0.22531436488485657,0.8,1.0,3.3980189684484765,2.0
56,Medical syringe pack,Healthcare/Medical Devices,sterilized blister + paper lid,4,3,5,5,50,30,3,1,10,"Pcr Pet (Bottles, Trays)",4,4,0,55,60,0,1,2.1740833333333334,54.58064104464259,0.05802777777777779,0.10446633841747532,0.6000000000000001,0.8,3.2375058838047472,3.0
57,Diagnostic test kit,Healthcare/Medical Devices,paperboard box + plastic tray,3,3,4,40,60,50,3,2,13,Aluminium Cans / Tins,5,5,0,55,85,2,2,3.0,54.70223373814242,0.33333333333333337,0.10739879326976798,1.0,1.0,3.5592678733968985,1.0
57,Diagnostic test kit,Healthcare/Medical Devices,paperboard box + plastic tray,3,3,4,40,60,50,3,2,21,Recycled Steel Tins,5,5,0,60,90,2,2,3.0,59.59154071145904,0.33333333333333337,0.22531436488485657,1.0,1.0,3.44135230178181,2.0
57,Diagnostic test kit,Healthcare/Medical Devices,paperboard box + plastic tray,3,3,4,40,60,50,3,2,10,"Pcr Pet (Bottles, Trays)",4,4,0,55,60,1,1,3.0,54.58064104464259,0.33333333333333337,0.10446633841747532,0.8,0.8,3.162200328249191,3.0
58,Surgical gloves box,Healthcare/Medical Devices,paperboard dispenser box,3,3,3,85,72,75,3,3,13,Aluminium Cans / Tins,5,5,0,55,85,2,2,2.947336580086579,54.70223373814242,0.3157788600288597,0.10739879326976798,1.0,1.0,3.5768223467013724,1.0
58,Surgical gloves box,Healthcare/Medical Devices,paperboard dispenser box,3,3,3,85,72,75,3,3,21,Recycled Steel Tins,5,5,0,60,90,2,2,3.1558677572427576,59.59154071145904,0.3852892524142525,0.22531436488485657,1.0,1.0,3.389396382700891,2.0
58,Surgical gloves box,Healthcare/Medical Devices,paperboard dispenser box,3,3,3,85,72,75,3,3,11,Pcr Hdpe/Ldpe,4,4,0,55,55,1,1,2.982077228327228,54.66277559220874,0.327359076109076,0.106447179910649,0.8,0.8,3.1661937439802745,3.0
59,Bandage pouch,Healthcare/Medical Devices,paper‑foil laminate,3,3,4,20,55,40,3,1,13,Aluminium Cans / Tins,5,5,0,55,85,2,2,3.126725080475079,54.70223373814242,0.3755750268250263,0.10739879326976798,1.0,1.0,3.517026179905206,1.0
59,Bandage pouch,Healthcare/Medical Devices,paper‑foil laminate,3,3,4,20,55,40,3,1,21,Recycled Steel Tins,5,5,0,60,90,2,2,3.0906853252956203,59.59154071145904,0.36356177509854015,0.22531436488485657,1.0,1.0,3.411123860016603,2.0
59,Bandage pouch,Healthcare/Medical Devices,paper‑foil laminate,3,3,4,20,55,40,3,1,10,"Pcr Pet (Bottles, Trays)",4,4,0,55,60,1,1,3.1117757977316796,54.58064104464259,0.37059193257722656,0.10446633841747532,0.8,0.8,3.1249417290052977,3.0
60,Thermometer box,Healthcare/Medical Devices,folding boxboard + internal paper tray,3,3,3,88,70,75,3,2,13,Aluminium Cans / Tins,5,5,0,55,85,2,2,2.9441831752577237,54.70223373814242,0.31472772508590785,0.10739879326976798,1.0,1.0,3.5778734816443243,1.0
60,Thermometer box,Healthcare/Medical Devices,folding boxboard + internal paper tray,3,3,3,88,70,75,3,2,21,Recycled Steel Tins,5,5,0,60,90,2,2,3.0594996038533186,59.59154071145904,0.3531665346177729,0.22531436488485657,1.0,1.0,3.4215191004973704,2.0
60,Thermometer box,Healthcare/Medical Devices,folding boxboard + internal paper tray,3,3,3,88,70,75,3,2,11,Pcr Hdpe/Ldpe,4,4,0,55,55,1,1,2.8919129246604043,54.66277559220874,0.29730430822013476,0.106447179910649,0.8,0.8,3.196248511869216,3.0
61,Notebook pack,Stationery,paper wrapper or kraft band,3,3,2,95,80,80,2,3,13,Aluminium Cans / Tins,5,5,0,55,85,2,2,2.1419041514041512,54.70223373814242,0.04730138380138371,0.10739879326976798,1.0,1.0,3.8452998229288484,1.0
61,Notebook pack,Stationery,paper wrapper or kraft band,3,3,2,95,80,80,2,3,21,Recycled Steel Tins,5,5,0,60,90,2,2,2.0092222222222222,59.59154071145904,0.003074074074074118,0.22531436488485657,1.0,1.0,3.771611561041069,2.0
61,Notebook pack,Stationery,paper wrapper or kraft band,3,3,2,95,80,80,2,3,11,Pcr Hdpe/Ldpe,4,4,0,55,55,1,1,2.2092362637362637,54.66277559220874,0.06974542124542127,0.106447179910649,0.8,0.8,3.4238073988439295,3.0
62,Pen blister card,Stationery,pet blister + paper backing,3,3,3,10,52,55,2,1,13,Aluminium Cans / Tins,5,5,0,55,85,2,2,2.0841666666666665,54.70223373814242,0.0280555555555555,0.10739879326976798,1.0,1.0,3.8645456511746765,1.0
62,Pen blister card,Stationery,pet blister + paper backing,3,3,3,10,52,55,2,1,21,Recycled Steel Tins,5,5,0,60,90,2,2,2.4491666666666667,59.59154071145904,0.1497222222222222,0.22531436488485657,1.0,1.0,3.6249634128929213,2.0
62,Pen blister card,Stationery,pet blister + paper backing,3,3,3,10,52,55,2,1,10,"Pcr Pet (Bottles, Trays)",4,4,0,55,60,1,1,2.3166904761904763,54.58064104464259,0.10556349206349214,0.10446633841747532,0.8,0.8,3.3899701695190325,3.0
63,Printer cartridge box,Stationery,cardboard box + pulp insert,3,3,3,80,70,70,3,2,13,Aluminium Cans / Tins,5,5,0,55,85,2,2,2.9441831752577237,54.70223373814242,0.31472772508590785,0.10739879326976798,1.0,1.0,3.5778734816443243,1.0
63,Printer cartridge box,Stationery,cardboard box + pulp insert,3,3,3,80,70,70,3,2,21,Recycled Steel Tins,5,5,0,60,90,2,2,3.0594996038533186,59.59154071145904,0.3531665346177729,0.22531436488485657,1.0,1.0,3.4215191004973704,2.0
63,Printer cartridge box,Stationery,cardboard box + pulp insert,3,3,3,80,70,70,3,2,11,Pcr Hdpe/Ldpe,4,4,0,55,55,1,1,2.8919129246604043,54.66277559220874,0.29730430822013476,0.106447179910649,0.8,0.8,3.196248511869216,3.0
64,Marker set pouch,Stationery,recyclable film + paper header,3,3,3,70,65,50,2,2,13,Aluminium Cans / Tins,5,5,0,55,85,2,2,2.9441831752577237,54.70223373814242,0.31472772508590785,0.10739879326976798,1.0,1.0,3.5778734816443243,1.0
64,Marker set pouch,Stationery,recyclable film + paper header,3,3,3,70,65,50,2,2,21,Recycled Steel Tins,5,5,0,60,90,2,2,3.0594996038533186,59.59154071145904,0.3531665346177729,0.22531436488485657,1.0,1.0,3.4215191004973704,2.0
64,Marker set pouch,Stationery,recyclable film + paper header,3,3,3,70,65,50,2,2,11,Pcr Hdpe/Ldpe,4,4,0,55,55,1,1,2.8919129246604043,54.66277559220874,0.29730430822013476,0.106447179910649,0.8,0.8,3.196248511869216,3.0
65,Stapler pack,Stationery,paperboard box + paper wrap,3,3,3,88,72,80,3,2,13,Aluminium Cans / Tins,5,5,0,55,85,2,2,2.9441831752577237,54.70223373814242,0.31472772508590785,0.10739879326976798,1.0,1.0,3.5778734816443243,1.0
65,Stapler pack,Stationery,paperboard box + paper wrap,3,3,3,88,72,80,3,2,21,Recycled Steel Tins,5,5,0,60,90,2,2,3.0594996038533186,59.59154071145904,0.3531665346177729,0.22531436488485657,1.0,1.0,3.4215191004973704,2.0
65,Stapler pack,Stationery,paperboard box + paper wrap,3,3,3,88,72,80,3,2,11,Pcr Hdpe/Ldpe,4,4,0,55,55,1,1,2.8919129246604043,54.66277559220874,0.29730430822013476,0.106447179910649,0.8,0.8,3.196248511869216,3.0
66,Water bottle (sports),Sports & Outdoor,aluminium bottle + paper tag,5,5,5,0,55,85,3,5,13,Aluminium Cans / Tins,5,5,0,55,85,0,0,3.525166666666666,54.70223373814242,0.5083888888888887,0.10739879326976798,0.6000000000000001,0.6000000000000001,2.5842123178413434,1.0
66,Water bottle (sports),Sports & Outdoor,aluminium bottle + paper tag,5,5,5,0,55,85,3,5,21,Recycled Steel Tins,5,5,0,60,90,0,0,3.5456666666666665,59.59154071145904,0.5152222222222221,0.22531436488485657,0.6000000000000001,0.6000000000000001,2.4594634128929216,2.0
66,Water bottle (sports),Sports & Outdoor,aluminium bottle + paper tag,5,5,5,0,55,85,3,5,10,"Pcr Pet (Bottles, Trays)",4,4,0,55,60,-1,-1,3.4453333333333336,54.58064104464259,0.48177777777777775,0.10446633841747532,0.4000000000000001,0.4000000000000001,2.213755883804747,3.0
67,Energy gel pouch,Sports & Outdoor,high‑barrier bio‑film,3,3,4,70,65,30,3,1,13,Aluminium Cans / Tins,5,5,0,55,85,2,2,3.126725080475079,54.70223373814242,0.3755750268250263,0.10739879326976798,1.0,1.0,3.517026179905206,1.0
67,Energy gel pouch,Sports & Outdoor,high‑barrier bio‑film,3,3,4,70,65,30,3,1,21,Recycled Steel Tins,5,5,0,60,90,2,2,3.0906853252956203,59.59154071145904,0.36356177509854015,0.22531436488485657,1.0,1.0,3.411123860016603,2.0
67,Energy gel pouch,Sports & Outdoor,high‑barrier bio‑film,3,3,4,70,65,30,3,1,10,"Pcr Pet (Bottles, Trays)",4,4,0,55,60,1,1,3.1117757977316796,54.58064104464259,0.37059193257722656,0.10446633841747532,0.8,0.8,3.1249417290052977,3.0
68,Tennis ball can,Sports & Outdoor,aluminium‑plastic composite can,5,5,5,0,55,60,3,3,13,Aluminium Cans / Tins,5,5,0,55,85,0,0,3.0,54.70223373814242,0.33333333333333337,0.10739879326976798,0.6000000000000001,0.6000000000000001,2.7592678733968987,1.0
68,Tennis ball can,Sports & Outdoor,aluminium‑plastic composite can,5,5,5,0,55,60,3,3,21,Recycled Steel Tins,5,5,0,60,90,0,0,3.0,59.59154071145904,0.33333333333333337,0.22531436488485657,0.6000000000000001,0.6000000000000001,2.64135230178181,2.0
68,Tennis ball can,Sports & Outdoor,aluminium‑plastic composite can,5,5,5,0,55,60,3,3,10,"Pcr Pet (Bottles, Trays)",4,4,0,55,60,-1,-1,3.0,54.58064104464259,0.33333333333333337,0.10446633841747532,0.4000000000000001,0.4000000000000001,2.3622003282491915,3.0
69,Sleeping bag sack,Sports & Outdoor,recycled nylon bag,4,4,3,30,55,50,3,4,13,Aluminium Cans / Tins,5,5,0,55,85,1,1,3.0,54.70223373814242,0.33333333333333337,0.10739879326976798,0.8,0.8,3.1592678733968986,1.0
69,Sleeping bag sack,Sports & Outdoor,recycled nylon bag,4,4,3,30,55,50,3,4,21,Recycled Steel Tins,5,5,0,60,90,1,1,3.0,59.59154071145904,0.33333333333333337,0.22531436488485657,0.8,0.8,3.04135230178181,2.0
69,Sleeping bag sack,Sports & Outdoor,recycled nylon bag,4,4,3,30,55,50,3,4,10,"Pcr Pet (Bottles, Trays)",4,4,0,55,60,0,0,3.0,54.58064104464259,0.33333333333333337,0.10446633841747532,0.6000000000000001,0.6000000000000001,2.7622003282491914,3.0
70,Fitness band box,Sports & Outdoor,paperboard box + pulp tray,3,3,3,85,72,75,3,2,13,Aluminium Cans / Tins,5,5,0,55,85,2,2,2.9441831752577237,54.70223373814242,0.31472772508590785,0.10739879326976798,1.0,1.0,3.5778734816443243,1.0
70,Fitness band box,Sports & Outdoor,paperboard box + pulp tray,3,3,3,85,72,75,3,2,21,Recycled Steel Tins,5,5,0,60,90,2,2,3.0594996038533186,59.59154071145904,0.3531665346177729,0.22531436488485657,1.0,1.0,3.4215191004973704,2.0
70,Fitness band box,Sports & Outdoor,paperboard box + pulp tray,3,3,3,85,72,75,3,2,11,Pcr Hdpe/Ldpe,4,4,0,55,55,1,1,2.8919129246604043,54.66277559220874,0.29730430822013476,0.106447179910649,0.8,0.8,3.196248511869216,3.0
71,Camping stove box,Sports & Outdoor,corrugated box + molded pulp,4,4,3,85,70,75,3,3,13,Aluminium Cans / Tins,5,5,0,55,85,1,1,3.0,54.70223373814242,0.33333333333333337,0.10739879326976798,0.8,0.8,3.1592678733968986,1.0
71,Camping stove box,Sports & Outdoor,corrugated box + molded pulp,4,4,3,85,70,75,3,3,21,Recycled Steel Tins,5,5,0,60,90,1,1,3.0,59.59154071145904,0.33333333333333337,0.22531436488485657,0.8,0.8,3.04135230178181,2.0
71,Camping stove box,Sports & Outdoor,corrugated box + molded pulp,4,4,3,85,70,75,3,3,10,"Pcr Pet (Bottles, Trays)",4,4,0,55,60,0,0,3.0,54.58064104464259,0.33333333333333337,0.10446633841747532,0.6000000000000001,0.6000000000000001,2.7622003282491914,3.0
72,Helmet box,Sports & Outdoor,corrugated cardboard with pulp insert,4,5,3,85,70,70,4,2,13,Aluminium Cans / Tins,5,5,0,55,85,1,0,3.4694426406926415,54.70223373814242,0.48981421356421373,0.10739879326976798,0.8,0.6000000000000001,2.8027869931660185,1.0
72,Helmet box,Sports & Outdoor,corrugated cardboard with pulp insert,4,5,3,85,70,70,4,2,21,Recycled Steel Tins,5,5,0,60,90,1,0,3.4759498556998567,59.59154071145904,0.4919832852332856,0.22531436488485657,0.8,0.6000000000000001,2.682702349881858,2.0
72,Helmet box,Sports & Outdoor,corrugated cardboard with pulp insert,4,5,3,85,70,70,4,2,11,Pcr Hdpe/Ldpe,4,4,0,55,55,0,-1,3.3448571428571423,54.66277559220874,0.44828571428571407,0.106447179910649,0.6000000000000001,0.4000000000000001,2.445267105803637,3.0
73,Yoga mat sleeve,Sports & Outdoor,recycled kraft paper sleeve,3,3,2,90,75,80,2,3,13,Aluminium Cans / Tins,5,5,0,55,85,2,2,2.1419041514041512,54.70223373814242,0.04730138380138371,0.10739879326976798,1.0,1.0,3.8452998229288484,1.0
73,Yoga mat sleeve,Sports & Outdoor,recycled kraft paper sleeve,3,3,2,90,75,80,2,3,21,Recycled Steel Tins,5,5,0,60,90,2,2,2.0092222222222222,59.59154071145904,0.003074074074074118,0.22531436488485657,1.0,1.0,3.771611561041069,2.0
73,Yoga mat sleeve,Sports & Outdoor,recycled kraft paper sleeve,3,3,2,90,75,80,2,3,11,Pcr Hdpe/Ldpe,4,4,0,55,55,1,1,2.2092362637362637,54.66277559220874,0.06974542124542127,0.106447179910649,0.8,0.8,3.4238073988439295,3.0
74,Instant tent bag,Sports & Outdoor,recyclable polyester bag,4,4,3,20,50,45,3,4,13,Aluminium Cans / Tins,5,5,0,55,85,1,1,3.0,54.70223373814242,0.33333333333333337,0.10739879326976798,0.8,0.8,3.1592678733968986,1.0
74,Instant tent bag,Sports & Outdoor,recyclable polyester bag,4,4,3,20,50,45,3,4,21,Recycled Steel Tins,5,5,0,60,90,1,1,3.0,59.59154071145904,0.33333333333333337,0.22531436488485657,0.8,0.8,3.04135230178181,2.0
74,Instant tent bag,Sports & Outdoor,recyclable polyester bag,4,4,3,20,50,45,3,4,10,"Pcr Pet (Bottles, Trays)",4,4,0,55,60,0,0,3.0,54.58064104464259,0.33333333333333337,0.10446633841747532,0.6000000000000001,0.6000000000000001,2.7622003282491914,3.0
75,Torchlight blister,Sports & Outdoor,pet clamshell + paper card,4,4,4,10,52,55,3,2,13,Aluminium Cans / Tins,5,5,0,55,85,1,1,3.0,54.70223373814242,0.33333333333333337,0.10739879326976798,0.8,0.8,3.1592678733968986,1.0
75,Torchlight blister,Sports & Outdoor,pet clamshell + paper card,4,4,4,10,52,55,3,2,21,Recycled Steel Tins,5,5,0,60,90,1,1,3.0,59.59154071145904,0.33333333333333337,0.22531436488485657,0.8,0.8,3.04135230178181,2.0
75,Torchlight blister,Sports & Outdoor,pet clamshell + paper card,4,4,4,10,52,55,3,2,10,"Pcr Pet (Bottles, Trays)",4,4,0,55,60,0,0,3.0,54.58064104464259,0.33333333333333337,0.10446633841747532,0.6000000000000001,0.6000000000000001,2.7622003282491914,3.0
76,Hand warmer pouch,Sports & Outdoor,bio‑film with paper label,3,3,3,75,70,50,3,1,13,Aluminium Cans / Tins,5,5,0,55,85,2,2,2.0841666666666665,54.70223373814242,0.0280555555555555,0.10739879326976798,1.0,1.0,3.8645456511746765,1.0
76,Hand warmer pouch,Sports & Outdoor,bio‑film with paper label,3,3,3,75,70,50,3,1,21,Recycled Steel Tins,5,5,0,60,90,2,2,2.4491666666666667,59.59154071145904,0.1497222222222222,0.22531436488485657,1.0,1.0,3.6249634128929213,2.0
76,Hand warmer pouch,Sports & Outdoor,bio‑film with paper label,3,3,3,75,70,50,3,1,10,"Pcr Pet (Bottles, Trays)",4,4,0,55,60,1,1,2.3166904761904763,54.58064104464259,0.10556349206349214,0.10446633841747532,0.8,0.8,3.3899701695190325,3.0
77,Vacuum-sealed coffee pack,Food,multi‑layer compostable pla and paper film,3,3,4,75,70,35,3,1,13,Aluminium Cans / Tins,5,5,0,55,85,2,2,3.126725080475079,54.70223373814242,0.3755750268250263,0.10739879326976798,1.0,1.0,3.517026179905206,1.0
77,Vacuum-sealed coffee pack,Food,multi‑layer compostable pla and paper film,3,3,4,75,70,35,3,1,21,Recycled Steel Tins,5,5,0,60,90,2,2,3.0906853252956203,59.59154071145904,0.36356177509854015,0.22531436488485657,1.0,1.0,3.411123860016603,2.0
77,Vacuum-sealed coffee pack,Food,multi‑layer compostable pla and paper film,3,3,4,75,70,35,3,1,10,"Pcr Pet (Bottles, Trays)",4,4,0,55,60,1,1,3.1117757977316796,54.58064104464259,0.37059193257722656,0.10446633841747532,0.8,0.8,3.1249417290052977,3.0
78,Protein powder tub,Food,pcr pet jar + paper label,4,4,5,20,55,60,3,3,13,Aluminium Cans / Tins,5,5,0,55,85,1,1,3.0,54.70223373814242,0.33333333333333337,0.10739879326976798,0.8,0.8,3.1592678733968986,1.0
78,Protein powder tub,Food,pcr pet jar + paper label,4,4,5,20,55,60,3,3,21,Recycled Steel Tins,5,5,0,60,90,1,1,3.0,59.59154071145904,0.33333333333333337,0.22531436488485657,0.8,0.8,3.04135230178181,2.0
78,Protein powder tub,Food,pcr pet jar + paper label,4,4,5,20,55,60,3,3,10,"Pcr Pet (Bottles, Trays)",4,4,0,55,60,0,0,3.0,54.58064104464259,0.33333333333333337,0.10446633841747532,0.6000000000000001,0.6000000000000001,2.7622003282491914,3.0
79,Pet food pouch,Food,recyclable polyethylene film,4,4,4,60,65,55,3,2,13,Aluminium Cans / Tins,5,5,0,55,85,1,1,3.0,54.70223373814242,0.33333333333333337,0.10739879326976798,0.8,0.8,3.1592678733968986,1.0
79,Pet food pouch,Food,recyclable polyethylene film,4,4,4,60,65,55,3,2,21,Recycled Steel Tins,5,5,0,60,90,1,1,3.0,59.59154071145904,0.33333333333333337,0.22531436488485657,0.8,0.8,3.04135230178181,2.0
79,Pet food pouch,Food,recyclable polyethylene film,4,4,4,60,65,55,3,2,10,"Pcr Pet (Bottles, Trays)",4,4,0,55,60,0,0,3.0,54.58064104464259,0.33333333333333337,0.10446633841747532,0.6000000000000001,0.6000000000000001,2.7622003282491914,3.0
80,Ice cream pint,Food,coated paper tub + lid,3,3,4,65,60,40,3,2,13,Aluminium Cans / Tins,5,5,0,55,85,2,2,3.0,54.70223373814242,0.33333333333333337,0.10739879326976798,1.0,1.0,3.5592678733968985,1.0
80,Ice cream pint,Food,coated paper tub + lid,3,3,4,65,60,40,3,2,21,Recycled Steel Tins,5,5,0,60,90,2,2,3.0,59.59154071145904,0.33333333333333337,0.22531436488485657,1.0,1.0,3.44135230178181,2.0
80,Ice cream pint,Food,coated paper tub + lid,3,3,4,65,60,40,3,2,10,"Pcr Pet (Bottles, Trays)",4,4,0,55,60,1,1,3.0,54.58064104464259,0.33333333333333337,0.10446633841747532,0.8,0.8,3.162200328249191,3.0
81,Non‑stick pan box,Household Appliances,recycled cardboard box + corrugated insert,4,4,3,85,70,70,3,3,13,Aluminium Cans / Tins,5,5,0,55,85,1,1,3.0,54.70223373814242,0.33333333333333337,0.10739879326976798,0.8,0.8,3.1592678733968986,1.0
81,Non‑stick pan box,Household Appliances,recycled cardboard box + corrugated insert,4,4,3,85,70,70,3,3,21,Recycled Steel Tins,5,5,0,60,90,1,1,3.0,59.59154071145904,0.33333333333333337,0.22531436488485657,0.8,0.8,3.04135230178181,2.0
81,Non‑stick pan box,Household Appliances,recycled cardboard box + corrugated insert,4,4,3,85,70,70,3,3,10,"Pcr Pet (Bottles, Trays)",4,4,0,55,60,0,0,3.0,54.58064104464259,0.33333333333333337,0.10446633841747532,0.6000000000000001,0.6000000000000001,2.7622003282491914,3.0
82,Wall clock box,Household Appliances,folding carton + molded pulp tray,3,3,3,88,72,75,3,2,13,Aluminium Cans / Tins,5,5,0,55,85,2,2,2.9441831752577237,54.70223373814242,0.31472772508590785,0.10739879326976798,1.0,1.0,3.5778734816443243,1.0
82,Wall clock box,Household Appliances,folding carton + molded pulp tray,3,3,3,88,72,75,3,2,21,Recycled Steel Tins,5,5,0,60,90,2,2,3.0594996038533186,59.59154071145904,0.3531665346177729,0.22531436488485657,1.0,1.0,3.4215191004973704,2.0
82,Wall clock box,Household Appliances,folding carton + molded pulp tray,3,3,3,88,72,75,3,2,11,Pcr Hdpe/Ldpe,4,4,0,55,55,1,1,2.8919129246604043,54.66277559220874,0.29730430822013476,0.106447179910649,0.8,0.8,3.196248511869216,3.0
83,Yoga resistance band pouch,Sports & Outdoor,compostable pla zip pouch,3,3,3,85,75,40,3,2,13,Aluminium Cans / Tins,5,5,0,55,85,2,2,2.9441831752577237,54.70223373814242,0.31472772508590785,0.10739879326976798,1.0,1.0,3.5778734816443243,1.0
83,Yoga resistance band pouch,Sports & Outdoor,compostable pla zip pouch,3,3,3,85,75,40,3,2,21,Recycled Steel Tins,5,5,0,60,90,2,2,3.0594996038533186,59.59154071145904,0.3531665346177729,0.22531436488485657,1.0,1.0,3.4215191004973704,2.0
83,Yoga resistance band pouch,Sports & Outdoor,compostable pla zip pouch,3,3,3,85,75,40,3,2,11,Pcr Hdpe/Ldpe,4,4,0,55,55,1,1,2.8919129246604043,54.66277559220874,0.29730430822013476,0.106447179910649,0.8,0.8,3.196248511869216,3.0
84,Camping lantern box,Sports & Outdoor,rigid paperboard with cardboard insert,4,4,3,85,72,72,3,3,13,Aluminium Cans / Tins,5,5,0,55,85,1,1,3.0,54.70223373814242,0.33333333333333337,0.10739879326976798,0.8,0.8,3.1592678733968986,1.0
84,Camping lantern box,Sports & Outdoor,rigid paperboard with cardboard insert,4,4,3,85,72,72,3,3,21,Recycled Steel Tins,5,5,0,60,90,1,1,3.0,59.59154071145904,0.33333333333333337,0.22531436488485657,0.8,0.8,3.04135230178181,2.0
84,Camping lantern box,Sports & Outdoor,rigid paperboard with cardboard insert,4,4,3,85,72,72,3,3,10,"Pcr Pet (Bottles, Trays)",4,4,0,55,60,0,0,3.0,54.58064104464259,0.33333333333333337,0.10446633841747532,0.6000000000000001,0.6000000000000001,2.7622003282491914,3.0
85,Baby shampoo bottle,Baby Care,pcr pet bottle + paper label,4,4,4,0,55,58,3,3,13,Aluminium Cans / Tins,5,5,0,55,85,1,1,2.4697570485070486,54.70223373814242,0.15658568283568286,0.10739879326976798,0.8,0.8,3.336015523894549,1.0
85,Baby shampoo bottle,Baby Care,pcr pet bottle + paper label,4,4,4,0,55,58,3,3,21,Recycled Steel Tins,5,5,0,60,90,1,1,2.219694444444444,59.59154071145904,0.07323148148148129,0.22531436488485657,0.8,0.8,3.301454153633662,2.0
85,Baby shampoo bottle,Baby Care,pcr pet bottle + paper label,4,4,4,0,55,58,3,3,11,Pcr Hdpe/Ldpe,4,4,0,55,55,0,0,2.397247835497835,54.66277559220874,0.13241594516594501,0.106447179910649,0.6000000000000001,0.6000000000000001,2.961136874923406,3.0
86,Baby formula tin,Baby Care,metal tin + paper label,5,5,5,0,50,80,3,4,13,Aluminium Cans / Tins,5,5,0,55,85,0,0,3.0,54.70223373814242,0.33333333333333337,0.10739879326976798,0.6000000000000001,0.6000000000000001,2.7592678733968987,1.0
86,Baby formula tin,Baby Care,metal tin + paper label,5,5,5,0,50,80,3,4,21,Recycled Steel Tins,5,5,0,60,90,0,0,3.0,59.59154071145904,0.33333333333333337,0.22531436488485657,0.6000000000000001,0.6000000000000001,2.64135230178181,2.0
86,Baby formula tin,Baby Care,metal tin + paper label,5,5,5,0,50,80,3,4,10,"Pcr Pet (Bottles, Trays)",4,4,0,55,60,-1,-1,3.0,54.58064104464259,0.33333333333333337,0.10446633841747532,0.4000000000000001,0.4000000000000001,2.3622003282491915,3.0
87,Office file folder wrap,Stationery,kraft paper wrap,3,3,2,95,80,85,2,3,13,Aluminium Cans / Tins,5,5,0,55,85,2,2,2.1419041514041512,54.70223373814242,0.04730138380138371,0.10739879326976798,1.0,1.0,3.8452998229288484,1.0
87,Office file folder wrap,Stationery,kraft paper wrap,3,3,2,95,80,85,2,3,21,Recycled Steel Tins,5,5,0,60,90,2,2,2.0092222222222222,59.59154071145904,0.003074074074074118,0.22531436488485657,1.0,1.0,3.771611561041069,2.0
87,Office file folder wrap,Stationery,kraft paper wrap,3,3,2,95,80,85,2,3,11,Pcr Hdpe/Ldpe,4,4,0,55,55,1,1,2.2092362637362637,54.66277559220874,0.06974542124542127,0.106447179910649,0.8,0.8,3.4238073988439295,3.0
88,Mechanical pencil pack,Stationery,recyclable pet sleeve + paper backing,3,3,3,10,52,55,2,1,13,Aluminium Cans / Tins,5,5,0,55,85,2,2,2.0841666666666665,54.70223373814242,0.0280555555555555,0.10739879326976798,1.0,1.0,3.8645456511746765,1.0
88,Mechanical pencil pack,Stationery,recyclable pet sleeve + paper backing,3,3,3,10,52,55,2,1,21,Recycled Steel Tins,5,5,0,60,90,2,2,2.4491666666666667,59.59154071145904,0.1497222222222222,0.22531436488485657,1.0,1.0,3.6249634128929213,2.0
88,Mechanical pencil pack,Stationery,recyclable pet sleeve + paper backing,3,3,3,10,52,55,2,1,10,"Pcr Pet (Bottles, Trays)",4,4,0,55,60,1,1,2.3166904761904763,54.58064104464259,0.10556349206349214,0.10446633841747532,0.8,0.8,3.3899701695190325,3.0
89,Wrench set box,Industrial/Automotive,corrugated cardboard box with paper edge guards,4,5,3,75,68,65,4,2,13,Aluminium Cans / Tins,5,5,0,55,85,1,0,3.4694426406926415,54.70223373814242,0.48981421356421373,0.10739879326976798,0.8,0.6000000000000001,2.8027869931660185,1.0
89,Wrench set box,Industrial/Automotive,corrugated cardboard box with paper edge guards,4,5,3,75,68,65,4,2,21,Recycled Steel Tins,5,5,0,60,90,1,0,3.4759498556998567,59.59154071145904,0.4919832852332856,0.22531436488485657,0.8,0.6000000000000001,2.682702349881858,2.0
89,Wrench set box,Industrial/Automotive,corrugated cardboard box with paper edge guards,4,5,3,75,68,65,4,2,11,Pcr Hdpe/Ldpe,4,4,0,55,55,0,-1,3.3448571428571423,54.66277559220874,0.44828571428571407,0.106447179910649,0.6000000000000001,0.4000000000000001,2.445267105803637,3.0
90,Engine filter box,Industrial/Automotive,recycled cardboard box + paper pad,4,4,3,85,70,70,3,2,13,Aluminium Cans / Tins,5,5,0,55,85,1,1,3.0,54.70223373814242,0.33333333333333337,0.10739879326976798,0.8,0.8,3.1592678733968986,1.0
90,Engine filter box,Industrial/Automotive,recycled cardboard box + paper pad,4,4,3,85,70,70,3,2,21,Recycled Steel Tins,5,5,0,60,90,1,1,3.0,59.59154071145904,0.33333333333333337,0.22531436488485657,0.8,0.8,3.04135230178181,2.0
90,Engine filter box,Industrial/Automotive,recycled cardboard box + paper pad,4,4,3,85,70,70,3,2,10,"Pcr Pet (Bottles, Trays)",4,4,0,55,60,0,0,3.0,54.58064104464259,0.33333333333333337,0.10446633841747532,0.6000000000000001,0.6000000000000001,2.7622003282491914,3.0
91,Hospital gloves pouch,Healthcare/Medical Devices,compostable pla film + paper label,3,3,4,80,70,45,3,1,13,Aluminium Cans / Tins,5,5,0,55,85,2,2,3.126725080475079,54.70223373814242,0.3755750268250263,0.10739879326976798,1.0,1.0,3.517026179905206,1.0
91,Hospital gloves pouch,Healthcare/Medical Devices,compostable pla film + paper label,3,3,4,80,70,45,3,1,21,Recycled Steel Tins,5,5,0,60,90,2,2,3.0906853252956203,59.59154071145904,0.36356177509854015,0.22531436488485657,1.0,1.0,3.411123860016603,2.0
91,Hospital gloves pouch,Healthcare/Medical Devices,compostable pla film + paper label,3,3,4,80,70,45,3,1,10,"Pcr Pet (Bottles, Trays)",4,4,0,55,60,1,1,3.1117757977316796,54.58064104464259,0.37059193257722656,0.10446633841747532,0.8,0.8,3.1249417290052977,3.0
92,Dishwasher box,Household Appliances,corrugated cardboard + molded fiber supports,5,5,3,80,68,72,4,2,13,Aluminium Cans / Tins,5,5,0,55,85,0,0,3.7253412698412713,54.70223373814242,0.5751137566137571,0.10739879326976798,0.6000000000000001,0.6000000000000001,2.5174874501164752,1.0
92,Dishwasher box,Household Appliances,corrugated cardboard + molded fiber supports,5,5,3,80,68,72,4,2,21,Recycled Steel Tins,5,5,0,60,90,0,0,3.9794761904761913,59.59154071145904,0.659825396825397,0.22531436488485657,0.6000000000000001,0.6000000000000001,2.3148602382897465,2.0
92,Dishwasher box,Household Appliances,corrugated cardboard + molded fiber supports,5,5,3,80,68,72,4,2,10,"Pcr Pet (Bottles, Trays)",4,4,0,55,60,-1,-1,3.800476190476192,54.58064104464259,0.6001587301587307,0.10446633841747532,0.4000000000000001,0.4000000000000001,2.095374931423794,3.0
93,Mixer grinder set,Household Appliances,rigid carton + paper pulp trays,4,4,3,85,70,75,3,2,13,Aluminium Cans / Tins,5,5,0,55,85,1,1,3.0,54.70223373814242,0.33333333333333337,0.10739879326976798,0.8,0.8,3.1592678733968986,1.0
93,Mixer grinder set,Household Appliances,rigid carton + paper pulp trays,4,4,3,85,70,75,3,2,21,Recycled Steel Tins,5,5,0,60,90,1,1,3.0,59.59154071145904,0.33333333333333337,0.22531436488485657,0.8,0.8,3.04135230178181,2.0
93,Mixer grinder set,Household Appliances,rigid carton + paper pulp trays,4,4,3,85,70,75,3,2,10,"Pcr Pet (Bottles, Trays)",4,4,0,55,60,0,0,3.0,54.58064104464259,0.33333333333333337,0.10446633841747532,0.6000000000000001,0.6000000000000001,2.7622003282491914,3.0
94,Induction cooktop box,Household Appliances,laminated paperboard + molded pulp insert,4,4,3,78,68,68,3,2,13,Aluminium Cans / Tins,5,5,0,55,85,1,1,3.0,54.70223373814242,0.33333333333333337,0.10739879326976798,0.8,0.8,3.1592678733968986,1.0
94,Induction cooktop box,Household Appliances,laminated paperboard + molded pulp insert,4,4,3,78,68,68,3,2,21,Recycled Steel Tins,5,5,0,60,90,1,1,3.0,59.59154071145904,0.33333333333333337,0.22531436488485657,0.8,0.8,3.04135230178181,2.0
94,Induction cooktop box,Household Appliances,laminated paperboard + molded pulp insert,4,4,3,78,68,68,3,2,10,"Pcr Pet (Bottles, Trays)",4,4,0,55,60,0,0,3.0,54.58064104464259,0.33333333333333337,0.10446633841747532,0.6000000000000001,0.6000000000000001,2.7622003282491914,3.0
95,Electric fan heater box,Household Appliances,recycled cardboard + paper side supports,4,4,3,85,70,75,3,2,13,Aluminium Cans / Tins,5,5,0,55,85,1,1,3.0,54.70223373814242,0.33333333333333337,0.10739879326976798,0.8,0.8,3.1592678733968986,1.0
95,Electric fan heater box,Household Appliances,recycled cardboard + paper side supports,4,4,3,85,70,75,3,2,21,Recycled Steel Tins,5,5,0,60,90,1,1,3.0,59.59154071145904,0.33333333333333337,0.22531436488485657,0.8,0.8,3.04135230178181,2.0
95,Electric fan heater box,Household Appliances,recycled cardboard + paper side supports,4,4,3,85,70,75,3,2,10,"Pcr Pet (Bottles, Trays)",4,4,0,55,60,0,0,3.0,54.58064104464259,0.33333333333333337,0.10446633841747532,0.6000000000000001,0.6000000000000001,2.7622003282491914,3.0
96,LED projector pack,Electronics,folding boxboard + molded pulp tray,3,3,3,85,70,70,3,2,13,Aluminium Cans / Tins,5,5,0,55,85,2,2,2.9441831752577237,54.70223373814242,0.31472772508590785,0.10739879326976798,1.0,1.0,3.5778734816443243,1.0
96,LED projector pack,Electronics,folding boxboard + molded pulp tray,3,3,3,85,70,70,3,2,21,Recycled Steel Tins,5,5,0,60,90,2,2,3.0594996038533186,59.59154071145904,0.3531665346177729,0.22531436488485657,1.0,1.0,3.4215191004973704,2.0
96,LED projector pack,Electronics,folding boxboard + molded pulp tray,3,3,3,85,70,70,3,2,11,Pcr Hdpe/Ldpe,4,4,0,55,55,1,1,2.8919129246604043,54.66277559220874,0.29730430822013476,0.106447179910649,0.8,0.8,3.196248511869216,3.0
97,Gaming console packaging,Electronics,corrugated box + paper tray inserts,5,5,3,75,65,65,4,2,13,Aluminium Cans / Tins,5,5,0,55,85,0,0,3.7253412698412713,54.70223373814242,0.5751137566137571,0.10739879326976798,0.6000000000000001,0.6000000000000001,2.5174874501164752,1.0
97,Gaming console packaging,Electronics,corrugated box + paper tray inserts,5,5,3,75,65,65,4,2,21,Recycled Steel Tins,5,5,0,60,90,0,0,3.9794761904761913,59.59154071145904,0.659825396825397,0.22531436488485657,0.6000000000000001,0.6000000000000001,2.3148602382897465,2.0
97,Gaming console packaging,Electronics,corrugated box + paper tray inserts,5,5,3,75,65,65,4,2,10,"Pcr Pet (Bottles, Trays)",4,4,0,55,60,-1,-1,3.800476190476192,54.58064104464259,0.6001587301587307,0.10446633841747532,0.4000000000000001,0.4000000000000001,2.095374931423794,3.0
98,Smart speaker box,Electronics,paperboard box + molded paper tray,3,3,3,88,72,75,3,2,13,Aluminium Cans / Tins,5,5,0,55,85,2,2,2.9441831752577237,54.70223373814242,0.31472772508590785,0.10739879326976798,1.0,1.0,3.5778734816443243,1.0
98,Smart speaker box,Electronics,paperboard box + molded paper tray,3,3,3,88,72,75,3,2,21,Recycled Steel Tins,5,5,0,60,90,2,2,3.0594996038533186,59.59154071145904,0.3531665346177729,0.22531436488485657,1.0,1.0,3.4215191004973704,2.0
98,Smart speaker box,Electronics,paperboard box + molded paper tray,3,3,3,88,72,75,3,2,11,Pcr Hdpe/Ldpe,4,4,0,55,55,1,1,2.8919129246604043,54.66277559220874,0.29730430822013476,0.106447179910649,0.8,0.8,3.196248511869216,3.0
99,Power bank pack,Electronics,recycled pet blister + paper backing,4,4,4,20,55,52,3,1,13,Aluminium Cans / Tins,5,5,0,55,85,1,1,3.0,54.70223373814242,0.33333333333333337,0.10739879326976798,0.8,0.8,3.1592678733968986,1.0
99,Power bank pack,Electronics,recycled pet blister + paper backing,4,4,4,20,55,52,3,1,21,Recycled Steel Tins,5,5,0,60,90,1,1,3.0,59.59154071145904,0.33333333333333337,0.22531436488485657,0.8,0.8,3.04135230178181,2.0
99,Power bank pack,Electronics,recycled pet blister + paper backing,4,4,4,20,55,52,3,1,10,"Pcr Pet (Bottles, Trays)",4,4,0,55,60,0,0,3.0,54.58064104464259,0.33333333333333337,0.10446633841747532,0.6000000000000001,0.6000000000000001,2.7622003282491914,3.0
100,External hard drive box,Electronics,rigid paperboard box + foam buffer,4,4,4,75,65,55,3,1,13,Aluminium Cans / Tins,5,5,0,55,85,1,1,3.0,54.70223373814242,0.33333333333333337,0.10739879326976798,0.8,0.8,3.1592678733968986,1.0
100,External hard drive box,Electronics,rigid paperboard box + foam buffer,4,4,4,75,65,55,3,1,21,Recycled Steel Tins,5,5,0,60,90,1,1,3.0,59.59154071145904,0.33333333333333337,0.22531436488485657,0.8,0.8,3.04135230178181,2.0
100,External hard drive box,Electronics,rigid paperboard box + foam buffer,4,4,4,75,65,55,3,1,10,"Pcr Pet (Bottles, Trays)",4,4,0,55,60,0,0,3.0,54.58064104464259,0.33333333333333337,0.10446633841747532,0.6000000000000001,0.6000000000000001,2.7622003282491914,3.0
101,Wireless charger box,Electronics,paperboard + mycelium insert,3,3,3,92,80,70,4,2,13,Aluminium Cans / Tins,5,5,0,55,85,2,2,2.9441831752577237,54.70223373814242,0.31472772508590785,0.10739879326976798,1.0,1.0,3.5778734816443243,1.0
101,Wireless charger box,Electronics,paperboard + mycelium insert,3,3,3,92,80,70,4,2,21,Recycled Steel Tins,5,5,0,60,90,2,2,3.0594996038533186,59.59154071145904,0.3531665346177729,0.22531436488485657,1.0,1.0,3.4215191004973704,2.0
101,Wireless charger box,Electronics,paperboard + mycelium insert,3,3,3,92,80,70,4,2,11,Pcr Hdpe/Ldpe,4,4,0,55,55,1,1,2.8919129246604043,54.66277559220874,0.29730430822013476,0.106447179910649,0.8,0.8,3.196248511869216,3.0
102,Gaming keyboard box,Electronics,cardboard box + pulp tray,4,4,3,88,70,75,3,2,13,Aluminium Cans / Tins,5,5,0,55,85,1,1,3.0,54.70223373814242,0.33333333333333337,0.10739879326976798,0.8,0.8,3.1592678733968986,1.0
102,Gaming keyboard box,Electronics,cardboard box + pulp tray,4,4,3,88,70,75,3,2,21,Recycled Steel Tins,5,5,0,60,90,1,1,3.0,59.59154071145904,0.33333333333333337,0.22531436488485657,0.8,0.8,3.04135230178181,2.0
102,Gaming keyboard box,Electronics,cardboard box + pulp tray,4,4,3,88,70,75,3,2,10,"Pcr Pet (Bottles, Trays)",4,4,0,55,60,0,0,3.0,54.58064104464259,0.33333333333333337,0.10446633841747532,0.6000000000000001,0.6000000000000001,2.7622003282491914,3.0
103,Office printer box,Electronics,heavy corrugated board + paper padding,5,5,3,75,65,65,3,2,13,Aluminium Cans / Tins,5,5,0,55,85,0,0,3.7253412698412713,54.70223373814242,0.5751137566137571,0.10739879326976798,0.6000000000000001,0.6000000000000001,2.5174874501164752,1.0
103,Office printer box,Electronics,heavy corrugated board + paper padding,5,5,3,75,65,65,3,2,21,Recycled Steel Tins,5,5,0,60,90,0,0,3.9794761904761913,59.59154071145904,0.659825396825397,0.22531436488485657,0.6000000000000001,0.6000000000000001,2.3148602382897465,2.0
103,Office printer box,Electronics,heavy corrugated board + paper padding,5,5,3,75,65,65,3,2,10,"Pcr Pet (Bottles, Trays)",4,4,0,55,60,-1,-1,3.800476190476192,54.58064104464259,0.6001587301587307,0.10446633841747532,0.4000000000000001,0.4000000000000001,2.095374931423794,3.0
104,Keyboard + mouse combo pack,Electronics,recycled cardboard + molded paper tray,4,4,3,85,70,70,3,2,13,Aluminium Cans / Tins,5,5,0,55,85,1,1,3.0,54.70223373814242,0.33333333333333337,0.10739879326976798,0.8,0.8,3.1592678733968986,1.0
104,Keyboard + mouse combo pack,Electronics,recycled cardboard + molded paper tray,4,4,3,85,70,70,3,2,21,Recycled Steel Tins,5,5,0,60,90,1,1,3.0,59.59154071145904,0.33333333333333337,0.22531436488485657,0.8,0.8,3.04135230178181,2.0
104,Keyboard + mouse combo pack,Electronics,recycled cardboard + molded paper tray,4,4,3,85,70,70,3,2,10,"Pcr Pet (Bottles, Trays)",4,4,0,55,60,0,0,3.0,54.58064104464259,0.33333333333333337,0.10446633841747532,0.6000000000000001,0.6000000000000001,2.7622003282491914,3.0
105,Refrigerated yogurt cup,Food,coated paper cup + foil lid,3,3,4,60,60,38,3,1,13,Aluminium Cans / Tins,5,5,0,55,85,2,2,3.126725080475079,54.70223373814242,0.3755750268250263,0.10739879326976798,1.0,1.0,3.517026179905206,1.0
105,Refrigerated yogurt cup,Food,coated paper cup + foil lid,3,3,4,60,60,38,3,1,21,Recycled Steel Tins,5,5,0,60,90,2,2,3.0906853252956203,59.59154071145904,0.36356177509854015,0.22531436488485657,1.0,1.0,3.411123860016603,2.0
105,Refrigerated yogurt cup,Food,coated paper cup + foil lid,3,3,4,60,60,38,3,1,10,"Pcr Pet (Bottles, Trays)",4,4,0,55,60,1,1,3.1117757977316796,54.58064104464259,0.37059193257722656,0.10446633841747532,0.8,0.8,3.1249417290052977,3.0
106,Soup cup (instant),Food,paper cup + compostable pla lid,3,3,4,70,65,45,3,2,13,Aluminium Cans / Tins,5,5,0,55,85,2,2,3.0,54.70223373814242,0.33333333333333337,0.10739879326976798,1.0,1.0,3.5592678733968985,1.0
106,Soup cup (instant),Food,paper cup + compostable pla lid,3,3,4,70,65,45,3,2,21,Recycled Steel Tins,5,5,0,60,90,2,2,3.0,59.59154071145904,0.33333333333333337,0.22531436488485657,1.0,1.0,3.44135230178181,2.0
106,Soup cup (instant),Food,paper cup + compostable pla lid,3,3,4,70,65,45,3,2,10,"Pcr Pet (Bottles, Trays)",4,4,0,55,60,1,1,3.0,54.58064104464259,0.33333333333333337,0.10446633841747532,0.8,0.8,3.162200328249191,3.0
107,Bakery pastry box,Food,recycled kraft board with cellulose window,3,3,3,85,72,75,3,2,13,Aluminium Cans / Tins,5,5,0,55,85,2,2,2.9441831752577237,54.70223373814242,0.31472772508590785,0.10739879326976798,1.0,1.0,3.5778734816443243,1.0
107,Bakery pastry box,Food,recycled kraft board with cellulose window,3,3,3,85,72,75,3,2,21,Recycled Steel Tins,5,5,0,60,90,2,2,3.0594996038533186,59.59154071145904,0.3531665346177729,0.22531436488485657,1.0,1.0,3.4215191004973704,2.0
107,Bakery pastry box,Food,recycled kraft board with cellulose window,3,3,3,85,72,75,3,2,11,Pcr Hdpe/Ldpe,4,4,0,55,55,1,1,2.8919129246604043,54.66277559220874,0.29730430822013476,0.106447179910649,0.8,0.8,3.196248511869216,3.0
108,Frozen peas pouch,Food,compostable multilayer pla film,3,3,4,80,72,40,3,1,13,Aluminium Cans / Tins,5,5,0,55,85,2,2,3.126725080475079,54.70223373814242,0.3755750268250263,0.10739879326976798,1.0,1.0,3.517026179905206,1.0
108,Frozen peas pouch,Food,compostable multilayer pla film,3,3,4,80,72,40,3,1,21,Recycled Steel Tins,5,5,0,60,90,2,2,3.0906853252956203,59.59154071145904,0.36356177509854015,0.22531436488485657,1.0,1.0,3.411123860016603,2.0
108,Frozen peas pouch,Food,compostable multilayer pla film,3,3,4,80,72,40,3,1,10,"Pcr Pet (Bottles, Trays)",4,4,0,55,60,1,1,3.1117757977316796,54.58064104464259,0.37059193257722656,0.10446633841747532,0.8,0.8,3.1249417290052977,3.0
109,Cooking oil pouch,Food,recyclable barrier polyethylene,4,4,5,60,55,50,3,2,13,Aluminium Cans / Tins,5,5,0,55,85,1,1,3.0,54.70223373814242,0.33333333333333337,0.10739879326976798,0.8,0.8,3.1592678733968986,1.0
109,Cooking oil pouch,Food,recyclable barrier polyethylene,4,4,5,60,55,50,3,2,21,Recycled Steel Tins,5,5,0,60,90,1,1,3.0,59.59154071145904,0.33333333333333337,0.22531436488485657,0.8,0.8,3.04135230178181,2.0
109,Cooking oil pouch,Food,recyclable barrier polyethylene,4,4,5,60,55,50,3,2,10,"Pcr Pet (Bottles, Trays)",4,4,0,55,60,0,0,3.0,54.58064104464259,0.33333333333333337,0.10446633841747532,0.6000000000000001,0.6000000000000001,2.7622003282491914,3.0
110,Honey jar,Food,glass jar + metal lid,4,3,5,0,50,82,3,4,13,Aluminium Cans / Tins,5,5,0,55,85,1,2,3.0,54.70223373814242,0.33333333333333337,0.10739879326976798,0.8,1.0,3.359267873396899,1.0
110,Honey jar,Food,glass jar + metal lid,4,3,5,0,50,82,3,4,21,Recycled Steel Tins,5,5,0,60,90,1,2,3.0,59.59154071145904,0.33333333333333337,0.22531436488485657,0.8,1.0,3.24135230178181,2.0
110,Honey jar,Food,glass jar + metal lid,4,3,5,0,50,82,3,4,10,"Pcr Pet (Bottles, Trays)",4,4,0,55,60,0,1,3.0,54.58064104464259,0.33333333333333337,0.10446633841747532,0.6000000000000001,0.8,2.9622003282491915,3.0
111,Jam refill pouch,Food,compostable film refill pouch,3,3,4,70,70,35,3,1,13,Aluminium Cans / Tins,5,5,0,55,85,2,2,3.126725080475079,54.70223373814242,0.3755750268250263,0.10739879326976798,1.0,1.0,3.517026179905206,1.0
111,Jam refill pouch,Food,compostable film refill pouch,3,3,4,70,70,35,3,1,21,Recycled Steel Tins,5,5,0,60,90,2,2,3.0906853252956203,59.59154071145904,0.36356177509854015,0.22531436488485657,1.0,1.0,3.411123860016603,2.0
111,Jam refill pouch,Food,compostable film refill pouch,3,3,4,70,70,35,3,1,10,"Pcr Pet (Bottles, Trays)",4,4,0,55,60,1,1,3.1117757977316796,54.58064104464259,0.37059193257722656,0.10446633841747532,0.8,0.8,3.1249417290052977,3.0
112,Cosmetic serum bottle,Cosmetics,frosted glass bottle + metal cap,4,4,5,0,52,80,3,4,13,Aluminium Cans / Tins,5,5,0,55,85,1,1,2.6709047619047612,54.70223373814242,0.2236349206349204,0.10739879326976798,0.8,0.8,3.2689662860953117,1.0
112,Cosmetic serum bottle,Cosmetics,frosted glass bottle + metal cap,4,4,5,0,52,80,3,4,21,Recycled Steel Tins,5,5,0,60,90,1,1,2.5103333333333335,59.59154071145904,0.1701111111111112,0.22531436488485657,0.8,0.8,3.204574524004032,2.0
112,Cosmetic serum bottle,Cosmetics,frosted glass bottle + metal cap,4,4,5,0,52,80,3,4,10,"Pcr Pet (Bottles, Trays)",4,4,0,55,60,0,0,2.6662380952380955,54.58064104464259,0.2220793650793652,0.10446633841747532,0.6000000000000001,0.6000000000000001,2.8734542965031595,3.0
113,Shampoo bar box,Cosmetics,recycled cardboard + paper wrap,3,3,3,90,78,80,3,3,13,Aluminium Cans / Tins,5,5,0,55,85,2,2,2.947336580086579,54.70223373814242,0.3157788600288597,0.10739879326976798,1.0,1.0,3.5768223467013724,1.0
113,Shampoo bar box,Cosmetics,recycled cardboard + paper wrap,3,3,3,90,78,80,3,3,21,Recycled Steel Tins,5,5,0,60,90,2,2,3.1558677572427576,59.59154071145904,0.3852892524142525,0.22531436488485657,1.0,1.0,3.389396382700891,2.0
113,Shampoo bar box,Cosmetics,recycled cardboard + paper wrap,3,3,3,90,78,80,3,3,11,Pcr Hdpe/Ldpe,4,4,0,55,55,1,1,2.982077228327228,54.66277559220874,0.327359076109076,0.106447179910649,0.8,0.8,3.1661937439802745,3.0
114,Perfume gift set,Cosmetics,paperboard box + molded pulp trays,3,3,4,85,72,75,4,3,13,Aluminium Cans / Tins,5,5,0,55,85,2,2,4.0,54.70223373814242,0.6666666666666666,0.10739879326976798,1.0,1.0,3.2259345400635655,1.0
114,Perfume gift set,Cosmetics,paperboard box + molded pulp trays,3,3,4,85,72,75,4,3,21,Recycled Steel Tins,5,5,0,60,90,2,2,4.0,59.59154071145904,0.6666666666666666,0.22531436488485657,1.0,1.0,3.108018968448477,2.0
114,Perfume gift set,Cosmetics,paperboard box + molded pulp trays,3,3,4,85,72,75,4,3,10,"Pcr Pet (Bottles, Trays)",4,4,0,55,60,1,1,4.0,54.58064104464259,0.6666666666666666,0.10446633841747532,0.8,0.8,2.828866994915858,3.0
115,Hair oil bottle,Cosmetics,pcr pet bottle + aluminium cap,4,4,4,0,55,60,3,3,13,Aluminium Cans / Tins,5,5,0,55,85,1,1,2.4697570485070486,54.70223373814242,0.15658568283568286,0.10739879326976798,0.8,0.8,3.336015523894549,1.0
115,Hair oil bottle,Cosmetics,pcr pet bottle + aluminium cap,4,4,4,0,55,60,3,3,21,Recycled Steel Tins,5,5,0,60,90,1,1,2.219694444444444,59.59154071145904,0.07323148148148129,0.22531436488485657,0.8,0.8,3.301454153633662,2.0
115,Hair oil bottle,Cosmetics,pcr pet bottle + aluminium cap,4,4,4,0,55,60,3,3,11,Pcr Hdpe/Ldpe,4,4,0,55,55,0,0,2.397247835497835,54.66277559220874,0.13241594516594501,0.106447179910649,0.6000000000000001,0.6000000000000001,2.961136874923406,3.0
116,Compact powder tin,Cosmetics,aluminium round tin,5,5,5,0,55,85,3,4,13,Aluminium Cans / Tins,5,5,0,55,85,0,0,3.0,54.70223373814242,0.33333333333333337,0.10739879326976798,0.6000000000000001,0.6000000000000001,2.7592678733968987,1.0
116,Compact powder tin,Cosmetics,aluminium round tin,5,5,5,0,55,85,3,4,21,Recycled Steel Tins,5,5,0,60,90,0,0,3.0,59.59154071145904,0.33333333333333337,0.22531436488485657,0.6000000000000001,0.6000000000000001,2.64135230178181,2.0
116,Compact powder tin,Cosmetics,aluminium round tin,5,5,5,0,55,85,3,4,10,"Pcr Pet (Bottles, Trays)",4,4,0,55,60,-1,-1,3.0,54.58064104464259,0.33333333333333337,0.10446633841747532,0.4000000000000001,0.4000000000000001,2.3622003282491915,3.0
117,Deodorant can,Cosmetics,aluminium aerosol can,5,5,5,0,55,80,3,3,13,Aluminium Cans / Tins,5,5,0,55,85,0,0,3.0,54.70223373814242,0.33333333333333337,0.10739879326976798,0.6000000000000001,0.6000000000000001,2.7592678733968987,1.0
117,Deodorant can,Cosmetics,aluminium aerosol can,5,5,5,0,55,80,3,3,21,Recycled Steel Tins,5,5,0,60,90,0,0,3.0,59.59154071145904,0.33333333333333337,0.22531436488485657,0.6000000000000001,0.6000000000000001,2.64135230178181,2.0
117,Deodorant can,Cosmetics,aluminium aerosol can,5,5,5,0,55,80,3,3,10,"Pcr Pet (Bottles, Trays)",4,4,0,55,60,-1,-1,3.0,54.58064104464259,0.33333333333333337,0.10446633841747532,0.4000000000000001,0.4000000000000001,2.3622003282491915,3.0
118,Makeup refill pouch,Cosmetics,compostable or recyclable mono‑film,3,3,4,70,70,40,3,2,13,Aluminium Cans / Tins,5,5,0,55,85,2,2,3.0,54.70223373814242,0.33333333333333337,0.10739879326976798,1.0,1.0,3.5592678733968985,1.0
118,Makeup refill pouch,Cosmetics,compostable or recyclable mono‑film,3,3,4,70,70,40,3,2,21,Recycled Steel Tins,5,5,0,60,90,2,2,3.0,59.59154071145904,0.33333333333333337,0.22531436488485657,1.0,1.0,3.44135230178181,2.0
118,Makeup refill pouch,Cosmetics,compostable or recyclable mono‑film,3,3,4,70,70,40,3,2,10,"Pcr Pet (Bottles, Trays)",4,4,0,55,60,1,1,3.0,54.58064104464259,0.33333333333333337,0.10446633841747532,0.8,0.8,3.162200328249191,3.0
119,Travel cosmetic kit,Cosmetics,recycled pp pouch,3,3,3,50,58,55,3,4,13,Aluminium Cans / Tins,5,5,0,55,85,2,2,2.996666666666667,54.70223373814242,0.3322222222222223,0.10739879326976798,1.0,1.0,3.56037898450801,1.0
119,Travel cosmetic kit,Cosmetics,recycled pp pouch,3,3,3,50,58,55,3,4,21,Recycled Steel Tins,5,5,0,60,90,2,2,3.0024285714285712,59.59154071145904,0.33414285714285696,0.22531436488485657,1.0,1.0,3.4405427779722864,2.0
119,Travel cosmetic kit,Cosmetics,recycled pp pouch,3,3,3,50,58,55,3,4,11,Pcr Hdpe/Ldpe,4,4,0,55,55,1,1,2.995,54.66277559220874,0.33166666666666667,0.106447179910649,0.8,0.8,3.1618861534226843,3.0
120,Pain relief spray can,Pharmaceuticals,aluminium can + actuator,5,5,5,0,55,80,3,3,13,Aluminium Cans / Tins,5,5,0,55,85,0,0,3.0,54.70223373814242,0.33333333333333337,0.10739879326976798,0.6000000000000001,0.6000000000000001,2.7592678733968987,1.0
120,Pain relief spray can,Pharmaceuticals,aluminium can + actuator,5,5,5,0,55,80,3,3,21,Recycled Steel Tins,5,5,0,60,90,0,0,3.0,59.59154071145904,0.33333333333333337,0.22531436488485657,0.6000000000000001,0.6000000000000001,2.64135230178181,2.0
120,Pain relief spray can,Pharmaceuticals,aluminium can + actuator,5,5,5,0,55,80,3,3,10,"Pcr Pet (Bottles, Trays)",4,4,0,55,60,-1,-1,3.0,54.58064104464259,0.33333333333333337,0.10446633841747532,0.4000000000000001,0.4000000000000001,2.3622003282491915,3.0
121,Thermal patch pack,Pharmaceuticals,foil‑paper laminate sachet,3,3,5,10,55,40,3,1,13,Aluminium Cans / Tins,5,5,0,55,85,2,2,3.0,54.70223373814242,0.33333333333333337,0.10739879326976798,1.0,1.0,3.5592678733968985,1.0
121,Thermal patch pack,Pharmaceuticals,foil‑paper laminate sachet,3,3,5,10,55,40,3,1,21,Recycled Steel Tins,5,5,0,60,90,2,2,3.0,59.59154071145904,0.33333333333333337,0.22531436488485657,1.0,1.0,3.44135230178181,2.0
121,Thermal patch pack,Pharmaceuticals,foil‑paper laminate sachet,3,3,5,10,55,40,3,1,10,"Pcr Pet (Bottles, Trays)",4,4,0,55,60,1,1,3.0,54.58064104464259,0.33333333333333337,0.10446633841747532,0.8,0.8,3.162200328249191,3.0
122,Bandage roll wrap,Healthcare,compostable cellulose film + paper label,3,3,3,85,72,58,3,2,13,Aluminium Cans / Tins,5,5,0,55,85,2,2,2.9441831752577237,54.70223373814242,0.31472772508590785,0.10739879326976798,1.0,1.0,3.5778734816443243,1.0
122,Bandage roll wrap,Healthcare,compostable cellulose film + paper label,3,3,3,85,72,58,3,2,21,Recycled Steel Tins,5,5,0,60,90,2,2,3.0594996038533186,59.59154071145904,0.3531665346177729,0.22531436488485657,1.0,1.0,3.4215191004973704,2.0
122,Bandage roll wrap,Healthcare,compostable cellulose film + paper label,3,3,3,85,72,58,3,2,11,Pcr Hdpe/Ldpe,4,4,0,55,55,1,1,2.8919129246604043,54.66277559220874,0.29730430822013476,0.106447179910649,0.8,0.8,3.196248511869216,3.0
123,Cotton swab box,Healthcare,paperboard box + cellulose film window,3,3,3,90,75,70,3,3,13,Aluminium Cans / Tins,5,5,0,55,85,2,2,2.947336580086579,54.70223373814242,0.3157788600288597,0.10739879326976798,1.0,1.0,3.5768223467013724,1.0
123,Cotton swab box,Healthcare,paperboard box + cellulose film window,3,3,3,90,75,70,3,3,21,Recycled Steel Tins,5,5,0,60,90,2,2,3.1558677572427576,59.59154071145904,0.3852892524142525,0.22531436488485657,1.0,1.0,3.389396382700891,2.0
123,Cotton swab box,Healthcare,paperboard box + cellulose film window,3,3,3,90,75,70,3,3,11,Pcr Hdpe/Ldpe,4,4,0,55,55,1,1,2.982077228327228,54.66277559220874,0.327359076109076,0.106447179910649,0.8,0.8,3.1661937439802745,3.0
124,Safety gloves pack,Industrial,compostable pouch + paper label,3,3,3,80,70,55,3,2,13,Aluminium Cans / Tins,5,5,0,55,85,2,2,2.9441831752577237,54.70223373814242,0.31472772508590785,0.10739879326976798,1.0,1.0,3.5778734816443243,1.0
124,Safety gloves pack,Industrial,compostable pouch + paper label,3,3,3,80,70,55,3,2,21,Recycled Steel Tins,5,5,0,60,90,2,2,3.0594996038533186,59.59154071145904,0.3531665346177729,0.22531436488485657,1.0,1.0,3.4215191004973704,2.0
124,Safety gloves pack,Industrial,compostable pouch + paper label,3,3,3,80,70,55,3,2,11,Pcr Hdpe/Ldpe,4,4,0,55,55,1,1,2.8919129246604043,54.66277559220874,0.29730430822013476,0.106447179910649,0.8,0.8,3.196248511869216,3.0
125,Bike part kit,Automotive,heavy corrugated box + paper padding,4,5,3,70,60,60,3,3,13,Aluminium Cans / Tins,5,5,0,55,85,1,0,3.0,54.70223373814242,0.33333333333333337,0.10739879326976798,0.8,0.6000000000000001,2.959267873396899,1.0
125,Bike part kit,Automotive,heavy corrugated box + paper padding,4,5,3,70,60,60,3,3,21,Recycled Steel Tins,5,5,0,60,90,1,0,3.0,59.59154071145904,0.33333333333333337,0.22531436488485657,0.8,0.6000000000000001,2.8413523017818103,2.0
125,Bike part kit,Automotive,heavy corrugated box + paper padding,4,5,3,70,60,60,3,3,10,"Pcr Pet (Bottles, Trays)",4,4,0,55,60,0,-1,3.0,54.58064104464259,0.33333333333333337,0.10446633841747532,0.6000000000000001,0.4000000000000001,2.562200328249191,3.0
126,Tool organizer box,Industrial Tools,recycled pp box + paper sleeve,5,5,4,15,50,65,3,4,13,Aluminium Cans / Tins,5,5,0,55,85,0,0,3.0,54.70223373814242,0.33333333333333337,0.10739879326976798,0.6000000000000001,0.6000000000000001,2.7592678733968987,1.0
126,Tool organizer box,Industrial Tools,recycled pp box + paper sleeve,5,5,4,15,50,65,3,4,21,Recycled Steel Tins,5,5,0,60,90,0,0,3.0,59.59154071145904,0.33333333333333337,0.22531436488485657,0.6000000000000001,0.6000000000000001,2.64135230178181,2.0
126,Tool organizer box,Industrial Tools,recycled pp box + paper sleeve,5,5,4,15,50,65,3,4,10,"Pcr Pet (Bottles, Trays)",4,4,0,55,60,-1,-1,3.0,54.58064104464259,0.33333333333333337,0.10446633841747532,0.4000000000000001,0.4000000000000001,2.3622003282491915,3.0
127,Paint can,Industrial,metal can + lid,5,5,5,0,50,85,3,3,13,Aluminium Cans / Tins,5,5,0,55,85,0,0,3.0,54.70223373814242,0.33333333333333337,0.10739879326976798,0.6000000000000001,0.6000000000000001,2.7592678733968987,1.0
127,Paint can,Industrial,metal can + lid,5,5,5,0,50,85,3,3,21,Recycled Steel Tins,5,5,0,60,90,0,0,3.0,59.59154071145904,0.33333333333333337,0.22531436488485657,0.6000000000000001,0.6000000000000001,2.64135230178181,2.0
127,Paint can,Industrial,metal can + lid,5,5,5,0,50,85,3,3,10,"Pcr Pet (Bottles, Trays)",4,4,0,55,60,-1,-1,3.0,54.58064104464259,0.33333333333333337,0.10446633841747532,0.4000000000000001,0.4000000000000001,2.3622003282491915,3.0
128,Office paper ream wrapper,Stationery,paper wrap + starch‑based glue,3,3,2,95,78,85,2,3,13,Aluminium Cans / Tins,5,5,0,55,85,2,2,2.1419041514041512,54.70223373814242,0.04730138380138371,0.10739879326976798,1.0,1.0,3.8452998229288484,1.0
128,Office paper ream wrapper,Stationery,paper wrap + starch‑based glue,3,3,2,95,78,85,2,3,21,Recycled Steel Tins,5,5,0,60,90,2,2,2.0092222222222222,59.59154071145904,0.003074074074074118,0.22531436488485657,1.0,1.0,3.771611561041069,2.0
128,Office paper ream wrapper,Stationery,paper wrap + starch‑based glue,3,3,2,95,78,85,2,3,11,Pcr Hdpe/Ldpe,4,4,0,55,55,1,1,2.2092362637362637,54.66277559220874,0.06974542124542127,0.106447179910649,0.8,0.8,3.4238073988439295,3.0
129,Fine art brush set pack,Stationery,kraft paperboard + paper sleeve,3,3,3,90,75,75,3,3,13,Aluminium Cans / Tins,5,5,0,55,85,2,2,2.947336580086579,54.70223373814242,0.3157788600288597,0.10739879326976798,1.0,1.0,3.5768223467013724,1.0
129,Fine art brush set pack,Stationery,kraft paperboard + paper sleeve,3,3,3,90,75,75,3,3,21,Recycled Steel Tins,5,5,0,60,90,2,2,3.1558677572427576,59.59154071145904,0.3852892524142525,0.22531436488485657,1.0,1.0,3.389396382700891,2.0
129,Fine art brush set pack,Stationery,kraft paperboard + paper sleeve,3,3,3,90,75,75,3,3,11,Pcr Hdpe/Ldpe,4,4,0,55,55,1,1,2.982077228327228,54.66277559220874,0.327359076109076,0.106447179910649,0.8,0.8,3.1661937439802745,3.0
130,Sports shoe box,Textiles/Apparel,recycled cardboard shoe box,4,4,3,85,70,80,3,3,13,Aluminium Cans / Tins,5,5,0,55,85,1,1,3.0,54.70223373814242,0.33333333333333337,0.10739879326976798,0.8,0.8,3.1592678733968986,1.0
130,Sports shoe box,Textiles/Apparel,recycled cardboard shoe box,4,4,3,85,70,80,3,3,21,Recycled Steel Tins,5,5,0,60,90,1,1,3.0,59.59154071145904,0.33333333333333337,0.22531436488485657,0.8,0.8,3.04135230178181,2.0
130,Sports shoe box,Textiles/Apparel,recycled cardboard shoe box,4,4,3,85,70,80,3,3,10,"Pcr Pet (Bottles, Trays)",4,4,0,55,60,0,0,3.0,54.58064104464259,0.33333333333333337,0.10446633841747532,0.6000000000000001,0.6000000000000001,2.7622003282491914,3.0
131,Jacket mailer,Textiles/Apparel,compostable film + paper tape,3,3,3,80,70,60,2,3,13,Aluminium Cans / Tins,5,5,0,55,85,2,2,2.947336580086579,54.70223373814242,0.3157788600288597,0.10739879326976798,1.0,1.0,3.5768223467013724,1.0
131,Jacket mailer,Textiles/Apparel,compostable film + paper tape,3,3,3,80,70,60,2,3,21,Recycled Steel Tins,5,5,0,60,90,2,2,3.1558677572427576,59.59154071145904,0.3852892524142525,0.22531436488485657,1.0,1.0,3.389396382700891,2.0
131,Jacket mailer,Textiles/Apparel,compostable film + paper tape,3,3,3,80,70,60,2,3,11,Pcr Hdpe/Ldpe,4,4,0,55,55,1,1,2.982077228327228,54.66277559220874,0.327359076109076,0.106447179910649,0.8,0.8,3.1661937439802745,3.0
132,Laundry detergent powder pack,Personal Care/Home,paper bag with starch liner,3,3,4,80,75,70,3,2,13,Aluminium Cans / Tins,5,5,0,55,85,2,2,3.0,54.70223373814242,0.33333333333333337,0.10739879326976798,1.0,1.0,3.5592678733968985,1.0
132,Laundry detergent powder pack,Personal Care/Home,paper bag with starch liner,3,3,4,80,75,70,3,2,21,Recycled Steel Tins,5,5,0,60,90,2,2,3.0,59.59154071145904,0.33333333333333337,0.22531436488485657,1.0,1.0,3.44135230178181,2.0
132,Laundry detergent powder pack,Personal Care/Home,paper bag with starch liner,3,3,4,80,75,70,3,2,10,"Pcr Pet (Bottles, Trays)",4,4,0,55,60,1,1,3.0,54.58064104464259,0.33333333333333337,0.10446633841747532,0.8,0.8,3.162200328249191,3.0
133,Scented candle jar,Home Decor,glass jar + aluminium lid,4,4,5,0,50,80,3,4,13,Aluminium Cans / Tins,5,5,0,55,85,1,1,2.6709047619047612,54.70223373814242,0.2236349206349204,0.10739879326976798,0.8,0.8,3.2689662860953117,1.0
133,Scented candle jar,Home Decor,glass jar + aluminium lid,4,4,5,0,50,80,3,4,21,Recycled Steel Tins,5,5,0,60,90,1,1,2.5103333333333335,59.59154071145904,0.1701111111111112,0.22531436488485657,0.8,0.8,3.204574524004032,2.0
133,Scented candle jar,Home Decor,glass jar + aluminium lid,4,4,5,0,50,80,3,4,10,"Pcr Pet (Bottles, Trays)",4,4,0,55,60,0,0,2.6662380952380955,54.58064104464259,0.2220793650793652,0.10446633841747532,0.6000000000000001,0.6000000000000001,2.8734542965031595,3.0
134,Curtain set sleeve,Home Decor,recycled kraft paper wrap,3,3,2,95,80,80,2,3,13,Aluminium Cans / Tins,5,5,0,55,85,2,2,2.1419041514041512,54.70223373814242,0.04730138380138371,0.10739879326976798,1.0,1.0,3.8452998229288484,1.0
134,Curtain set sleeve,Home Decor,recycled kraft paper wrap,3,3,2,95,80,80,2,3,21,Recycled Steel Tins,5,5,0,60,90,2,2,2.0092222222222222,59.59154071145904,0.003074074074074118,0.22531436488485657,1.0,1.0,3.771611561041069,2.0
134,Curtain set sleeve,Home Decor,recycled kraft paper wrap,3,3,2,95,80,80,2,3,11,Pcr Hdpe/Ldpe,4,4,0,55,55,1,1,2.2092362637362637,54.66277559220874,0.06974542124542127,0.106447179910649,0.8,0.8,3.4238073988439295,3.0
